cityCode,cityName,cityNameKana,prefectureCode,prefectureName,sourceTier
01100,札幌市,サッポロシ,01,北海道,soumu_main_R6_0101
01101,中央区,チュウオウク,01,北海道,soumu_main_R6_0101
01102,北区,キタク,01,北海道,soumu_main_R6_0101
01103,東区,ヒガシク,01,北海道,soumu_main_R6_0101
01104,白石区,シロイシク,01,北海道,soumu_main_R6_0101
01105,豊平区,トヨヒラク,01,北海道,soumu_main_R6_0101
01106,南区,ミナミク,01,北海道,soumu_main_R6_0101
01107,西区,ニシク,01,北海道,soumu_main_R6_0101
01108,厚別区,アツベツク,01,北海道,soumu_main_R6_0101
01109,手稲区,テイネク,01,北海道,soumu_main_R6_0101
01110,清田区,キヨタク,01,北海道,soumu_main_R6_0101
01202,函館市,ハコダテシ,01,北海道,soumu_main_R6_0101
01203,小樽市,オタルシ,01,北海道,soumu_main_R6_0101
01204,旭川市,アサヒカワシ,01,北海道,soumu_main_R6_0101
01205,室蘭市,ムロランシ,01,北海道,soumu_main_R6_0101
01206,釧路市,クシロシ,01,北海道,soumu_main_R6_0101
01207,帯広市,オビヒロシ,01,北海道,soumu_main_R6_0101
01208,北見市,キタミシ,01,北海道,soumu_main_R6_0101
01209,夕張市,ユウバリシ,01,北海道,soumu_main_R6_0101
01210,岩見沢市,イワミザワシ,01,北海道,soumu_main_R6_0101
01211,網走市,アバシリシ,01,北海道,soumu_main_R6_0101
01212,留萌市,ルモイシ,01,北海道,soumu_main_R6_0101
01213,苫小牧市,トマコマイシ,01,北海道,soumu_main_R6_0101
01214,稚内市,ワッカナイシ,01,北海道,soumu_main_R6_0101
01215,美唄市,ビバイシ,01,北海道,soumu_main_R6_0101
01216,芦別市,アシベツシ,01,北海道,soumu_main_R6_0101
01217,江別市,エベツシ,01,北海道,soumu_main_R6_0101
01218,赤平市,アカビラシ,01,北海道,soumu_main_R6_0101
01219,紋別市,モンベツシ,01,北海道,soumu_main_R6_0101
01220,士別市,シベツシ,01,北海道,soumu_main_R6_0101
01221,名寄市,ナヨロシ,01,北海道,soumu_main_R6_0101
01222,三笠市,ミカサシ,01,北海道,soumu_main_R6_0101
01223,根室市,ネムロシ,01,北海道,soumu_main_R6_0101
01224,千歳市,チトセシ,01,北海道,soumu_main_R6_0101
01225,滝川市,タキカワシ,01,北海道,soumu_main_R6_0101
01226,砂川市,スナガワシ,01,北海道,soumu_main_R6_0101
01227,歌志内市,ウタシナイシ,01,北海道,soumu_main_R6_0101
01228,深川市,フカガワシ,01,北海道,soumu_main_R6_0101
01229,富良野市,フラノシ,01,北海道,soumu_main_R6_0101
01230,登別市,ノボリベツシ,01,北海道,soumu_main_R6_0101
01231,恵庭市,エニワシ,01,北海道,soumu_main_R6_0101
01233,伊達市,ダテシ,01,北海道,soumu_main_R6_0101
01234,北広島市,キタヒロシマシ,01,北海道,soumu_main_R6_0101
01235,石狩市,イシカリシ,01,北海道,soumu_main_R6_0101
01236,北斗市,ホクトシ,01,北海道,soumu_main_R6_0101
01303,当別町,トウベツチョウ,01,北海道,soumu_main_R6_0101
01304,新篠津村,シンシノツムラ,01,北海道,soumu_main_R6_0101
01331,松前町,マツマエチョウ,01,北海道,soumu_main_R6_0101
01332,福島町,フクシマチョウ,01,北海道,soumu_main_R6_0101
01333,知内町,シリウチチョウ,01,北海道,soumu_main_R6_0101
01334,木古内町,キコナイチョウ,01,北海道,soumu_main_R6_0101
01337,七飯町,ナナエチョウ,01,北海道,soumu_main_R6_0101
01343,鹿部町,シカベチョウ,01,北海道,soumu_main_R6_0101
01345,森町,モリマチ,01,北海道,soumu_main_R6_0101
01346,八雲町,ヤクモチョウ,01,北海道,soumu_main_R6_0101
01347,長万部町,オシャマンベチョウ,01,北海道,soumu_main_R6_0101
01361,江差町,エサシチョウ,01,北海道,soumu_main_R6_0101
01362,上ノ国町,カミノクニチョウ,01,北海道,soumu_main_R6_0101
01363,厚沢部町,アッサブチョウ,01,北海道,soumu_main_R6_0101
01364,乙部町,オトベチョウ,01,北海道,soumu_main_R6_0101
01367,奥尻町,オクシリチョウ,01,北海道,soumu_main_R6_0101
01370,今金町,イマカネチョウ,01,北海道,soumu_main_R6_0101
01371,せたな町,セタナチョウ,01,北海道,soumu_main_R6_0101
01391,島牧村,シママキムラ,01,北海道,soumu_main_R6_0101
01392,寿都町,スッツチョウ,01,北海道,soumu_main_R6_0101
01393,黒松内町,クロマツナイチョウ,01,北海道,soumu_main_R6_0101
01394,蘭越町,ランコシチョウ,01,北海道,soumu_main_R6_0101
01395,ニセコ町,ニセコチョウ,01,北海道,soumu_main_R6_0101
01396,真狩村,マッカリムラ,01,北海道,soumu_main_R6_0101
01397,留寿都村,ルスツムラ,01,北海道,soumu_main_R6_0101
01398,喜茂別町,キモベツチョウ,01,北海道,soumu_main_R6_0101
01399,京極町,キョウゴクチョウ,01,北海道,soumu_main_R6_0101
01400,倶知安町,クッチャンチョウ,01,北海道,soumu_main_R6_0101
01401,共和町,キョウワチョウ,01,北海道,soumu_main_R6_0101
01402,岩内町,イワナイチョウ,01,北海道,soumu_main_R6_0101
01403,泊村,トマリムラ,01,北海道,soumu_main_R6_0101
01404,神恵内村,カモエナイムラ,01,北海道,soumu_main_R6_0101
01405,積丹町,シャコタンチョウ,01,北海道,soumu_main_R6_0101
01406,古平町,フルビラチョウ,01,北海道,soumu_main_R6_0101
01407,仁木町,ニキチョウ,01,北海道,soumu_main_R6_0101
01408,余市町,ヨイチチョウ,01,北海道,soumu_main_R6_0101
01409,赤井川村,アカイガワムラ,01,北海道,soumu_main_R6_0101
01423,南幌町,ナンポロチョウ,01,北海道,soumu_main_R6_0101
01424,奈井江町,ナイエチョウ,01,北海道,soumu_main_R6_0101
01425,上砂川町,カミスナガワチョウ,01,北海道,soumu_main_R6_0101
01427,由仁町,ユニチョウ,01,北海道,soumu_main_R6_0101
01428,長沼町,ナガヌマチョウ,01,北海道,soumu_main_R6_0101
01429,栗山町,クリヤマチョウ,01,北海道,soumu_main_R6_0101
01430,月形町,ツキガタチョウ,01,北海道,soumu_main_R6_0101
01431,浦臼町,ウラウスチョウ,01,北海道,soumu_main_R6_0101
01432,新十津川町,シントツカワチョウ,01,北海道,soumu_main_R6_0101
01433,妹背牛町,モセウシチョウ,01,北海道,soumu_main_R6_0101
01434,秩父別町,チップベツチョウ,01,北海道,soumu_main_R6_0101
01436,雨竜町,ウリュウチョウ,01,北海道,soumu_main_R6_0101
01437,北竜町,ホクリュウチョウ,01,北海道,soumu_main_R6_0101
01438,沼田町,ヌマタチョウ,01,北海道,soumu_main_R6_0101
01452,鷹栖町,タカスチョウ,01,北海道,soumu_main_R6_0101
01453,東神楽町,ヒガシカグラチョウ,01,北海道,soumu_main_R6_0101
01454,当麻町,トウマチョウ,01,北海道,soumu_main_R6_0101
01455,比布町,ピップチョウ,01,北海道,soumu_main_R6_0101
01456,愛別町,アイベツチョウ,01,北海道,soumu_main_R6_0101
01457,上川町,カミカワチョウ,01,北海道,soumu_main_R6_0101
01458,東川町,ヒガシカワチョウ,01,北海道,soumu_main_R6_0101
01459,美瑛町,ビエイチョウ,01,北海道,soumu_main_R6_0101
01460,上富良野町,カミフラノチョウ,01,北海道,soumu_main_R6_0101
01461,中富良野町,ナカフラノチョウ,01,北海道,soumu_main_R6_0101
01462,南富良野町,ミナミフラノチョウ,01,北海道,soumu_main_R6_0101
01463,占冠村,シムカップムラ,01,北海道,soumu_main_R6_0101
01464,和寒町,ワッサムチョウ,01,北海道,soumu_main_R6_0101
01465,剣淵町,ケンブチチョウ,01,北海道,soumu_main_R6_0101
01468,下川町,シモカワチョウ,01,北海道,soumu_main_R6_0101
01469,美深町,ビフカチョウ,01,北海道,soumu_main_R6_0101
01470,音威子府村,オトイネップムラ,01,北海道,soumu_main_R6_0101
01471,中川町,ナカガワチョウ,01,北海道,soumu_main_R6_0101
01472,幌加内町,ホロカナイチョウ,01,北海道,soumu_main_R6_0101
01481,増毛町,マシケチョウ,01,北海道,soumu_main_R6_0101
01482,小平町,オビラチョウ,01,北海道,soumu_main_R6_0101
01483,苫前町,トママエチョウ,01,北海道,soumu_main_R6_0101
01484,羽幌町,ハボロチョウ,01,北海道,soumu_main_R6_0101
01485,初山別村,ショサンベツムラ,01,北海道,soumu_main_R6_0101
01486,遠別町,エンベツチョウ,01,北海道,soumu_main_R6_0101
01487,天塩町,テシオチョウ,01,北海道,soumu_main_R6_0101
01511,猿払村,サルフツムラ,01,北海道,soumu_main_R6_0101
01512,浜頓別町,ハマトンベツチョウ,01,北海道,soumu_main_R6_0101
01513,中頓別町,ナカトンベツチョウ,01,北海道,soumu_main_R6_0101
01514,枝幸町,エサシチョウ,01,北海道,soumu_main_R6_0101
01516,豊富町,トヨトミチョウ,01,北海道,soumu_main_R6_0101
01517,礼文町,レブンチョウ,01,北海道,soumu_main_R6_0101
01518,利尻町,リシリチョウ,01,北海道,soumu_main_R6_0101
01519,利尻富士町,リシリフジチョウ,01,北海道,soumu_main_R6_0101
01520,幌延町,ホロノベチョウ,01,北海道,soumu_main_R6_0101
01543,美幌町,ビホロチョウ,01,北海道,soumu_main_R6_0101
01544,津別町,ツベツチョウ,01,北海道,soumu_main_R6_0101
01545,斜里町,シャリチョウ,01,北海道,soumu_main_R6_0101
01546,清里町,キヨサトチョウ,01,北海道,soumu_main_R6_0101
01547,小清水町,コシミズチョウ,01,北海道,soumu_main_R6_0101
01549,訓子府町,クンネップチョウ,01,北海道,soumu_main_R6_0101
01550,置戸町,オケトチョウ,01,北海道,soumu_main_R6_0101
01552,佐呂間町,サロマチョウ,01,北海道,soumu_main_R6_0101
01555,遠軽町,エンガルチョウ,01,北海道,soumu_main_R6_0101
01559,湧別町,ユウベツチョウ,01,北海道,soumu_main_R6_0101
01560,滝上町,タキノウエチョウ,01,北海道,soumu_main_R6_0101
01561,興部町,オコッペチョウ,01,北海道,soumu_main_R6_0101
01562,西興部村,ニシオコッペムラ,01,北海道,soumu_main_R6_0101
01563,雄武町,オウムチョウ,01,北海道,soumu_main_R6_0101
01564,大空町,オオゾラチョウ,01,北海道,soumu_main_R6_0101
01571,豊浦町,トヨウラチョウ,01,北海道,soumu_main_R6_0101
01575,壮瞥町,ソウベツチョウ,01,北海道,soumu_main_R6_0101
01578,白老町,シラオイチョウ,01,北海道,soumu_main_R6_0101
01581,厚真町,アツマチョウ,01,北海道,soumu_main_R6_0101
01584,洞爺湖町,トウヤコチョウ,01,北海道,soumu_main_R6_0101
01585,安平町,アビラチョウ,01,北海道,soumu_main_R6_0101
01586,むかわ町,ムカワチョウ,01,北海道,soumu_main_R6_0101
01601,日高町,ヒダカチョウ,01,北海道,soumu_main_R6_0101
01602,平取町,ビラトリチョウ,01,北海道,soumu_main_R6_0101
01604,新冠町,ニイカップチョウ,01,北海道,soumu_main_R6_0101
01607,浦河町,ウラカワチョウ,01,北海道,soumu_main_R6_0101
01608,様似町,サマニチョウ,01,北海道,soumu_main_R6_0101
01609,えりも町,エリモチョウ,01,北海道,soumu_main_R6_0101
01610,新ひだか町,シンヒダカチョウ,01,北海道,soumu_main_R6_0101
01631,音更町,オトフケチョウ,01,北海道,soumu_main_R6_0101
01632,士幌町,シホロチョウ,01,北海道,soumu_main_R6_0101
01633,上士幌町,カミシホロチョウ,01,北海道,soumu_main_R6_0101
01634,鹿追町,シカオイチョウ,01,北海道,soumu_main_R6_0101
01635,新得町,シントクチョウ,01,北海道,soumu_main_R6_0101
01636,清水町,シミズチョウ,01,北海道,soumu_main_R6_0101
01637,芽室町,メムロチョウ,01,北海道,soumu_main_R6_0101
01638,中札内村,ナカサツナイムラ,01,北海道,soumu_main_R6_0101
01639,更別村,サラベツムラ,01,北海道,soumu_main_R6_0101
01641,大樹町,タイキチョウ,01,北海道,soumu_main_R6_0101
01642,広尾町,ヒロオチョウ,01,北海道,soumu_main_R6_0101
01643,幕別町,マクベツチョウ,01,北海道,soumu_main_R6_0101
01644,池田町,イケダチョウ,01,北海道,soumu_main_R6_0101
01645,豊頃町,トヨコロチョウ,01,北海道,soumu_main_R6_0101
01646,本別町,ホンベツチョウ,01,北海道,soumu_main_R6_0101
01647,足寄町,アショロチョウ,01,北海道,soumu_main_R6_0101
01648,陸別町,リクベツチョウ,01,北海道,soumu_main_R6_0101
01649,浦幌町,ウラホロチョウ,01,北海道,soumu_main_R6_0101
01661,釧路町,クシロチョウ,01,北海道,soumu_main_R6_0101
01662,厚岸町,アッケシチョウ,01,北海道,soumu_main_R6_0101
01663,浜中町,ハマナカチョウ,01,北海道,soumu_main_R6_0101
01664,標茶町,シベチャチョウ,01,北海道,soumu_main_R6_0101
01665,弟子屈町,テシカガチョウ,01,北海道,soumu_main_R6_0101
01667,鶴居村,ツルイムラ,01,北海道,soumu_main_R6_0101
01668,白糠町,シラヌカチョウ,01,北海道,soumu_main_R6_0101
01691,別海町,ベツカイチョウ,01,北海道,soumu_main_R6_0101
01692,中標津町,ナカシベツチョウ,01,北海道,soumu_main_R6_0101
01693,標津町,シベツチョウ,01,北海道,soumu_main_R6_0101
01694,羅臼町,ラウスチョウ,01,北海道,soumu_main_R6_0101
01695,色丹村,シコタンムラ,01,北海道,soumu_main_R6_0101
01696,泊村,トマリムラ,01,北海道,soumu_main_R6_0101
01697,留夜別村,ルヤベツムラ,01,北海道,soumu_main_R6_0101
01698,留別村,ルベツムラ,01,北海道,soumu_main_R6_0101
01699,紗那村,シャナムラ,01,北海道,soumu_main_R6_0101
01700,蘂取村,シベトロムラ,01,北海道,soumu_main_R6_0101
02201,青森市,アオモリシ,02,青森県,soumu_main_R6_0101
02202,弘前市,ヒロサキシ,02,青森県,soumu_main_R6_0101
02203,八戸市,ハチノヘシ,02,青森県,soumu_main_R6_0101
02204,黒石市,クロイシシ,02,青森県,soumu_main_R6_0101
02205,五所川原市,ゴショガワラシ,02,青森県,soumu_main_R6_0101
02206,十和田市,トワダシ,02,青森県,soumu_main_R6_0101
02207,三沢市,ミサワシ,02,青森県,soumu_main_R6_0101
02208,むつ市,ムツシ,02,青森県,soumu_main_R6_0101
02209,つがる市,ツガルシ,02,青森県,soumu_main_R6_0101
02210,平川市,ヒラカワシ,02,青森県,soumu_main_R6_0101
02301,平内町,ヒラナイマチ,02,青森県,soumu_main_R6_0101
02303,今別町,イマベツマチ,02,青森県,soumu_main_R6_0101
02304,蓬田村,ヨモギタムラ,02,青森県,soumu_main_R6_0101
02307,外ヶ浜町,ソトガハママチ,02,青森県,soumu_main_R6_0101
02321,鰺ヶ沢町,アジガサワマチ,02,青森県,soumu_main_R6_0101
02323,深浦町,フカウラマチ,02,青森県,soumu_main_R6_0101
02343,西目屋村,ニシメヤムラ,02,青森県,soumu_main_R6_0101
02361,藤崎町,フジサキマチ,02,青森県,soumu_main_R6_0101
02362,大鰐町,オオワニマチ,02,青森県,soumu_main_R6_0101
02367,田舎館村,イナカダテムラ,02,青森県,soumu_main_R6_0101
02381,板柳町,イタヤナギマチ,02,青森県,soumu_main_R6_0101
02384,鶴田町,ツルタマチ,02,青森県,soumu_main_R6_0101
02387,中泊町,ナカドマリマチ,02,青森県,soumu_main_R6_0101
02401,野辺地町,ノヘジマチ,02,青森県,soumu_main_R6_0101
02402,七戸町,シチノヘマチ,02,青森県,soumu_main_R6_0101
02405,六戸町,ロクノヘマチ,02,青森県,soumu_main_R6_0101
02406,横浜町,ヨコハママチ,02,青森県,soumu_main_R6_0101
02408,東北町,トウホクマチ,02,青森県,soumu_main_R6_0101
02411,六ヶ所村,ロッカショムラ,02,青森県,soumu_main_R6_0101
02412,おいらせ町,オイラセチョウ,02,青森県,soumu_main_R6_0101
02423,大間町,オオママチ,02,青森県,soumu_main_R6_0101
02424,東通村,ヒガシドオリムラ,02,青森県,soumu_main_R6_0101
02425,風間浦村,カザマウラムラ,02,青森県,soumu_main_R6_0101
02426,佐井村,サイムラ,02,青森県,soumu_main_R6_0101
02441,三戸町,サンノヘマチ,02,青森県,soumu_main_R6_0101
02442,五戸町,ゴノヘマチ,02,青森県,soumu_main_R6_0101
02443,田子町,タッコマチ,02,青森県,soumu_main_R6_0101
02445,南部町,ナンブチョウ,02,青森県,soumu_main_R6_0101
02446,階上町,ハシカミチョウ,02,青森県,soumu_main_R6_0101
02450,新郷村,シンゴウムラ,02,青森県,soumu_main_R6_0101
03201,盛岡市,モリオカシ,03,岩手県,soumu_main_R6_0101
03202,宮古市,ミヤコシ,03,岩手県,soumu_main_R6_0101
03203,大船渡市,オオフナトシ,03,岩手県,soumu_main_R6_0101
03205,花巻市,ハナマキシ,03,岩手県,soumu_main_R6_0101
03206,北上市,キタカミシ,03,岩手県,soumu_main_R6_0101
03207,久慈市,クジシ,03,岩手県,soumu_main_R6_0101
03208,遠野市,トオノシ,03,岩手県,soumu_main_R6_0101
03209,一関市,イチノセキシ,03,岩手県,soumu_main_R6_0101
03210,陸前高田市,リクゼンタカタシ,03,岩手県,soumu_main_R6_0101
03211,釜石市,カマイシシ,03,岩手県,soumu_main_R6_0101
03213,二戸市,ニノヘシ,03,岩手県,soumu_main_R6_0101
03214,八幡平市,ハチマンタイシ,03,岩手県,soumu_main_R6_0101
03215,奥州市,オウシュウシ,03,岩手県,soumu_main_R6_0101
03216,滝沢市,タキザワシ,03,岩手県,soumu_main_R6_0101
03301,雫石町,シズクイシチョウ,03,岩手県,soumu_main_R6_0101
03302,葛巻町,クズマキマチ,03,岩手県,soumu_main_R6_0101
03303,岩手町,イワテマチ,03,岩手県,soumu_main_R6_0101
03321,紫波町,シワチョウ,03,岩手県,soumu_main_R6_0101
03322,矢巾町,ヤハバチョウ,03,岩手県,soumu_main_R6_0101
03366,西和賀町,ニシワガマチ,03,岩手県,soumu_main_R6_0101
03381,金ケ崎町,カネガサキチョウ,03,岩手県,soumu_main_R6_0101
03402,平泉町,ヒライズミチョウ,03,岩手県,soumu_main_R6_0101
03441,住田町,スミタチョウ,03,岩手県,soumu_main_R6_0101
03461,大槌町,オオツチチョウ,03,岩手県,soumu_main_R6_0101
03482,山田町,ヤマダマチ,03,岩手県,soumu_main_R6_0101
03483,岩泉町,イワイズミチョウ,03,岩手県,soumu_main_R6_0101
03484,田野畑村,タノハタムラ,03,岩手県,soumu_main_R6_0101
03485,普代村,フダイムラ,03,岩手県,soumu_main_R6_0101
03501,軽米町,カルマイマチ,03,岩手県,soumu_main_R6_0101
03503,野田村,ノダムラ,03,岩手県,soumu_main_R6_0101
03506,九戸村,クノヘムラ,03,岩手県,soumu_main_R6_0101
03507,洋野町,ヒロノチョウ,03,岩手県,soumu_main_R6_0101
03524,一戸町,イチノヘマチ,03,岩手県,soumu_main_R6_0101
04100,仙台市,センダイシ,04,宮城県,soumu_main_R6_0101
04101,青葉区,アオバク,04,宮城県,soumu_main_R6_0101
04102,宮城野区,ミヤギノク,04,宮城県,soumu_main_R6_0101
04103,若林区,ワカバヤシク,04,宮城県,soumu_main_R6_0101
04104,太白区,タイハクク,04,宮城県,soumu_main_R6_0101
04105,泉区,イズミク,04,宮城県,soumu_main_R6_0101
04202,石巻市,イシノマキシ,04,宮城県,soumu_main_R6_0101
04203,塩竈市,シオガマシ,04,宮城県,soumu_main_R6_0101
04205,気仙沼市,ケセンヌマシ,04,宮城県,soumu_main_R6_0101
04206,白石市,シロイシシ,04,宮城県,soumu_main_R6_0101
04207,名取市,ナトリシ,04,宮城県,soumu_main_R6_0101
04208,角田市,カクダシ,04,宮城県,soumu_main_R6_0101
04209,多賀城市,タガジョウシ,04,宮城県,soumu_main_R6_0101
04211,岩沼市,イワヌマシ,04,宮城県,soumu_main_R6_0101
04212,登米市,トメシ,04,宮城県,soumu_main_R6_0101
04213,栗原市,クリハラシ,04,宮城県,soumu_main_R6_0101
04214,東松島市,ヒガシマツシマシ,04,宮城県,soumu_main_R6_0101
04215,大崎市,オオサキシ,04,宮城県,soumu_main_R6_0101
04216,富谷市,トミヤシ,04,宮城県,soumu_main_R6_0101
04301,蔵王町,ザオウマチ,04,宮城県,soumu_main_R6_0101
04302,七ヶ宿町,シチカシュクマチ,04,宮城県,soumu_main_R6_0101
04321,大河原町,オオガワラマチ,04,宮城県,soumu_main_R6_0101
04322,村田町,ムラタマチ,04,宮城県,soumu_main_R6_0101
04323,柴田町,シバタマチ,04,宮城県,soumu_main_R6_0101
04324,川崎町,カワサキマチ,04,宮城県,soumu_main_R6_0101
04341,丸森町,マルモリマチ,04,宮城県,soumu_main_R6_0101
04361,亘理町,ワタリチョウ,04,宮城県,soumu_main_R6_0101
04362,山元町,ヤマモトチョウ,04,宮城県,soumu_main_R6_0101
04401,松島町,マツシママチ,04,宮城県,soumu_main_R6_0101
04404,七ヶ浜町,シチガハママチ,04,宮城県,soumu_main_R6_0101
04406,利府町,リフチョウ,04,宮城県,soumu_main_R6_0101
04421,大和町,タイワチョウ,04,宮城県,soumu_main_R6_0101
04422,大郷町,オオサトチョウ,04,宮城県,soumu_main_R6_0101
04424,大衡村,オオヒラムラ,04,宮城県,soumu_main_R6_0101
04444,色麻町,シカマチョウ,04,宮城県,soumu_main_R6_0101
04445,加美町,カミマチ,04,宮城県,soumu_main_R6_0101
04501,涌谷町,ワクヤチョウ,04,宮城県,soumu_main_R6_0101
04505,美里町,ミサトマチ,04,宮城県,soumu_main_R6_0101
04581,女川町,オナガワチョウ,04,宮城県,soumu_main_R6_0101
04606,南三陸町,ミナミサンリクチョウ,04,宮城県,soumu_main_R6_0101
05201,秋田市,アキタシ,05,秋田県,soumu_main_R6_0101
05202,能代市,ノシロシ,05,秋田県,soumu_main_R6_0101
05203,横手市,ヨコテシ,05,秋田県,soumu_main_R6_0101
05204,大館市,オオダテシ,05,秋田県,soumu_main_R6_0101
05206,男鹿市,オガシ,05,秋田県,soumu_main_R6_0101
05207,湯沢市,ユザワシ,05,秋田県,soumu_main_R6_0101
05209,鹿角市,カヅノシ,05,秋田県,soumu_main_R6_0101
05210,由利本荘市,ユリホンジョウシ,05,秋田県,soumu_main_R6_0101
05211,潟上市,カタガミシ,05,秋田県,soumu_main_R6_0101
05212,大仙市,ダイセンシ,05,秋田県,soumu_main_R6_0101
05213,北秋田市,キタアキタシ,05,秋田県,soumu_main_R6_0101
05214,にかほ市,ニカホシ,05,秋田県,soumu_main_R6_0101
05215,仙北市,センボクシ,05,秋田県,soumu_main_R6_0101
05303,小坂町,コサカマチ,05,秋田県,soumu_main_R6_0101
05327,上小阿仁村,カミコアニムラ,05,秋田県,soumu_main_R6_0101
05346,藤里町,フジサトマチ,05,秋田県,soumu_main_R6_0101
05348,三種町,ミタネチョウ,05,秋田県,soumu_main_R6_0101
05349,八峰町,ハッポウチョウ,05,秋田県,soumu_main_R6_0101
05361,五城目町,ゴジョウメマチ,05,秋田県,soumu_main_R6_0101
05363,八郎潟町,ハチロウガタマチ,05,秋田県,soumu_main_R6_0101
05366,井川町,イカワマチ,05,秋田県,soumu_main_R6_0101
05368,大潟村,オオガタムラ,05,秋田県,soumu_main_R6_0101
05434,美郷町,ミサトチョウ,05,秋田県,soumu_main_R6_0101
05463,羽後町,ウゴマチ,05,秋田県,soumu_main_R6_0101
05464,東成瀬村,ヒガシナルセムラ,05,秋田県,soumu_main_R6_0101
06201,山形市,ヤマガタシ,06,山形県,soumu_main_R6_0101
06202,米沢市,ヨネザワシ,06,山形県,soumu_main_R6_0101
06203,鶴岡市,ツルオカシ,06,山形県,soumu_main_R6_0101
06204,酒田市,サカタシ,06,山形県,soumu_main_R6_0101
06205,新庄市,シンジョウシ,06,山形県,soumu_main_R6_0101
06206,寒河江市,サガエシ,06,山形県,soumu_main_R6_0101
06207,上山市,カミノヤマシ,06,山形県,soumu_main_R6_0101
06208,村山市,ムラヤマシ,06,山形県,soumu_main_R6_0101
06209,長井市,ナガイシ,06,山形県,soumu_main_R6_0101
06210,天童市,テンドウシ,06,山形県,soumu_main_R6_0101
06211,東根市,ヒガシネシ,06,山形県,soumu_main_R6_0101
06212,尾花沢市,オバナザワシ,06,山形県,soumu_main_R6_0101
06213,南陽市,ナンヨウシ,06,山形県,soumu_main_R6_0101
06301,山辺町,ヤマノベマチ,06,山形県,soumu_main_R6_0101
06302,中山町,ナカヤママチ,06,山形県,soumu_main_R6_0101
06321,河北町,カホクチョウ,06,山形県,soumu_main_R6_0101
06322,西川町,ニシカワマチ,06,山形県,soumu_main_R6_0101
06323,朝日町,アサヒマチ,06,山形県,soumu_main_R6_0101
06324,大江町,オオエマチ,06,山形県,soumu_main_R6_0101
06341,大石田町,オオイシダマチ,06,山形県,soumu_main_R6_0101
06361,金山町,カネヤママチ,06,山形県,soumu_main_R6_0101
06362,最上町,モガミマチ,06,山形県,soumu_main_R6_0101
06363,舟形町,フナガタマチ,06,山形県,soumu_main_R6_0101
06364,真室川町,マムロガワマチ,06,山形県,soumu_main_R6_0101
06365,大蔵村,オオクラムラ,06,山形県,soumu_main_R6_0101
06366,鮭川村,サケガワムラ,06,山形県,soumu_main_R6_0101
06367,戸沢村,トザワムラ,06,山形県,soumu_main_R6_0101
06381,高畠町,タカハタマチ,06,山形県,soumu_main_R6_0101
06382,川西町,カワニシマチ,06,山形県,soumu_main_R6_0101
06401,小国町,オグニマチ,06,山形県,soumu_main_R6_0101
06402,白鷹町,シラタカマチ,06,山形県,soumu_main_R6_0101
06403,飯豊町,イイデマチ,06,山形県,soumu_main_R6_0101
06426,三川町,ミカワマチ,06,山形県,soumu_main_R6_0101
06428,庄内町,シヨウナイマチ,06,山形県,soumu_main_R6_0101
06461,遊佐町,ユザマチ,06,山形県,soumu_main_R6_0101
07201,福島市,フクシマシ,07,福島県,soumu_main_R6_0101
07202,会津若松市,アイヅワカマツシ,07,福島県,soumu_main_R6_0101
07203,郡山市,コオリヤマシ,07,福島県,soumu_main_R6_0101
07204,いわき市,イワキシ,07,福島県,soumu_main_R6_0101
07205,白河市,シラカワシ,07,福島県,soumu_main_R6_0101
07207,須賀川市,スカガワシ,07,福島県,soumu_main_R6_0101
07208,喜多方市,キタカタシ,07,福島県,soumu_main_R6_0101
07209,相馬市,ソウマシ,07,福島県,soumu_main_R6_0101
07210,二本松市,ニホンマツシ,07,福島県,soumu_main_R6_0101
07211,田村市,タムラシ,07,福島県,soumu_main_R6_0101
07212,南相馬市,ミナミソウマシ,07,福島県,soumu_main_R6_0101
07213,伊達市,ダテシ,07,福島県,soumu_main_R6_0101
07214,本宮市,モトミヤシ,07,福島県,soumu_main_R6_0101
07301,桑折町,コオリマチ,07,福島県,soumu_main_R6_0101
07303,国見町,クニミマチ,07,福島県,soumu_main_R6_0101
07308,川俣町,カワマタマチ,07,福島県,soumu_main_R6_0101
07322,大玉村,オオタマムラ,07,福島県,soumu_main_R6_0101
07342,鏡石町,カガミイシマチ,07,福島県,soumu_main_R6_0101
07344,天栄村,テンエイムラ,07,福島県,soumu_main_R6_0101
07362,下郷町,シモゴウマチ,07,福島県,soumu_main_R6_0101
07364,檜枝岐村,ヒノエマタムラ,07,福島県,soumu_main_R6_0101
07367,只見町,タダミマチ,07,福島県,soumu_main_R6_0101
07368,南会津町,ミナミアイヅマチ,07,福島県,soumu_main_R6_0101
07402,北塩原村,キタシオバラムラ,07,福島県,soumu_main_R6_0101
07405,西会津町,ニシアイヅマチ,07,福島県,soumu_main_R6_0101
07407,磐梯町,バンダイマチ,07,福島県,soumu_main_R6_0101
07408,猪苗代町,イナワシロマチ,07,福島県,soumu_main_R6_0101
07421,会津坂下町,アイヅバンゲマチ,07,福島県,soumu_main_R6_0101
07422,湯川村,ユガワムラ,07,福島県,soumu_main_R6_0101
07423,柳津町,ヤナイヅマチ,07,福島県,soumu_main_R6_0101
07444,三島町,ミシママチ,07,福島県,soumu_main_R6_0101
07445,金山町,カネヤママチ,07,福島県,soumu_main_R6_0101
07446,昭和村,ショウワムラ,07,福島県,soumu_main_R6_0101
07447,会津美里町,アイヅミサトマチ,07,福島県,soumu_main_R6_0101
07461,西郷村,ニシゴウムラ,07,福島県,soumu_main_R6_0101
07464,泉崎村,イズミザキムラ,07,福島県,soumu_main_R6_0101
07465,中島村,ナカジマムラ,07,福島県,soumu_main_R6_0101
07466,矢吹町,ヤブキマチ,07,福島県,soumu_main_R6_0101
07481,棚倉町,タナグラマチ,07,福島県,soumu_main_R6_0101
07482,矢祭町,ヤマツリマチ,07,福島県,soumu_main_R6_0101
07483,塙町,ハナワマチ,07,福島県,soumu_main_R6_0101
07484,鮫川村,サメガワムラ,07,福島県,soumu_main_R6_0101
07501,石川町,イシカワマチ,07,福島県,soumu_main_R6_0101
07502,玉川村,タマカワムラ,07,福島県,soumu_main_R6_0101
07503,平田村,ヒラタムラ,07,福島県,soumu_main_R6_0101
07504,浅川町,アサカワマチ,07,福島県,soumu_main_R6_0101
07505,古殿町,フルドノマチ,07,福島県,soumu_main_R6_0101
07521,三春町,ミハルマチ,07,福島県,soumu_main_R6_0101
07522,小野町,オノマチ,07,福島県,soumu_main_R6_0101
07541,広野町,ヒロノマチ,07,福島県,soumu_main_R6_0101
07542,楢葉町,ナラハマチ,07,福島県,soumu_main_R6_0101
07543,富岡町,トミオカマチ,07,福島県,soumu_main_R6_0101
07544,川内村,カワウチムラ,07,福島県,soumu_main_R6_0101
07545,大熊町,オオクママチ,07,福島県,soumu_main_R6_0101
07546,双葉町,フタバマチ,07,福島県,soumu_main_R6_0101
07547,浪江町,ナミエマチ,07,福島県,soumu_main_R6_0101
07548,葛尾村,カツラオムラ,07,福島県,soumu_main_R6_0101
07561,新地町,シンチマチ,07,福島県,soumu_main_R6_0101
07564,飯舘村,イイタテムラ,07,福島県,soumu_main_R6_0101
08201,水戸市,ミトシ,08,茨城県,soumu_main_R6_0101
08202,日立市,ヒタチシ,08,茨城県,soumu_main_R6_0101
08203,土浦市,ツチウラシ,08,茨城県,soumu_main_R6_0101
08204,古河市,コガシ,08,茨城県,soumu_main_R6_0101
08205,石岡市,イシオカシ,08,茨城県,soumu_main_R6_0101
08207,結城市,ユウキシ,08,茨城県,soumu_main_R6_0101
08208,龍ケ崎市,リュウガサキシ,08,茨城県,soumu_main_R6_0101
08210,下妻市,シモツマシ,08,茨城県,soumu_main_R6_0101
08211,常総市,ジョウソウシ,08,茨城県,soumu_main_R6_0101
08212,常陸太田市,ヒタチオオタシ,08,茨城県,soumu_main_R6_0101
08214,高萩市,タカハギシ,08,茨城県,soumu_main_R6_0101
08215,北茨城市,キタイバラキシ,08,茨城県,soumu_main_R6_0101
08216,笠間市,カサマシ,08,茨城県,soumu_main_R6_0101
08217,取手市,トリデシ,08,茨城県,soumu_main_R6_0101
08219,牛久市,ウシクシ,08,茨城県,soumu_main_R6_0101
08220,つくば市,ツクバシ,08,茨城県,soumu_main_R6_0101
08221,ひたちなか市,ヒタチナカシ,08,茨城県,soumu_main_R6_0101
08222,鹿嶋市,カシマシ,08,茨城県,soumu_main_R6_0101
08223,潮来市,イタコシ,08,茨城県,soumu_main_R6_0101
08224,守谷市,モリヤシ,08,茨城県,soumu_main_R6_0101
08225,常陸大宮市,ヒタチオオミヤシ,08,茨城県,soumu_main_R6_0101
08226,那珂市,ナカシ,08,茨城県,soumu_main_R6_0101
08227,筑西市,チクセイシ,08,茨城県,soumu_main_R6_0101
08228,坂東市,バンドウシ,08,茨城県,soumu_main_R6_0101
08229,稲敷市,イナシキシ,08,茨城県,soumu_main_R6_0101
08230,かすみがうら市,カスミガウラシ,08,茨城県,soumu_main_R6_0101
08231,桜川市,サクラガワシ,08,茨城県,soumu_main_R6_0101
08232,神栖市,カミスシ,08,茨城県,soumu_main_R6_0101
08233,行方市,ナメガタシ,08,茨城県,soumu_main_R6_0101
08234,鉾田市,ホコタシ,08,茨城県,soumu_main_R6_0101
08235,つくばみらい市,ツクバミライシ,08,茨城県,soumu_main_R6_0101
08236,小美玉市,オミタマシ,08,茨城県,soumu_main_R6_0101
08302,茨城町,イバラキマチ,08,茨城県,soumu_main_R6_0101
08309,大洗町,オオアライマチ,08,茨城県,soumu_main_R6_0101
08310,城里町,シロサトマチ,08,茨城県,soumu_main_R6_0101
08341,東海村,トウカイムラ,08,茨城県,soumu_main_R6_0101
08364,大子町,ダイゴマチ,08,茨城県,soumu_main_R6_0101
08442,美浦村,ミホムラ,08,茨城県,soumu_main_R6_0101
08443,阿見町,アミマチ,08,茨城県,soumu_main_R6_0101
08447,河内町,カワチマチ,08,茨城県,soumu_main_R6_0101
08521,八千代町,ヤチヨマチ,08,茨城県,soumu_main_R6_0101
08542,五霞町,ゴカマチ,08,茨城県,soumu_main_R6_0101
08546,境町,サカイマチ,08,茨城県,soumu_main_R6_0101
08564,利根町,トネマチ,08,茨城県,soumu_main_R6_0101
09201,宇都宮市,ウツノミヤシ,09,栃木県,soumu_main_R6_0101
09202,足利市,アシカガシ,09,栃木県,soumu_main_R6_0101
09203,栃木市,トチギシ,09,栃木県,soumu_main_R6_0101
09204,佐野市,サノシ,09,栃木県,soumu_main_R6_0101
09205,鹿沼市,カヌマシ,09,栃木県,soumu_main_R6_0101
09206,日光市,ニッコウシ,09,栃木県,soumu_main_R6_0101
09208,小山市,オヤマシ,09,栃木県,soumu_main_R6_0101
09209,真岡市,モオカシ,09,栃木県,soumu_main_R6_0101
09210,大田原市,オオタワラシ,09,栃木県,soumu_main_R6_0101
09211,矢板市,ヤイタシ,09,栃木県,soumu_main_R6_0101
09213,那須塩原市,ナスシオバラシ,09,栃木県,soumu_main_R6_0101
09214,さくら市,サクラシ,09,栃木県,soumu_main_R6_0101
09215,那須烏山市,ナスカラスヤマシ,09,栃木県,soumu_main_R6_0101
09216,下野市,シモツケシ,09,栃木県,soumu_main_R6_0101
09301,上三川町,カミノカワマチ,09,栃木県,soumu_main_R6_0101
09342,益子町,マシコマチ,09,栃木県,soumu_main_R6_0101
09343,茂木町,モテギマチ,09,栃木県,soumu_main_R6_0101
09344,市貝町,イチカイマチ,09,栃木県,soumu_main_R6_0101
09345,芳賀町,ハガマチ,09,栃木県,soumu_main_R6_0101
09361,壬生町,ミブマチ,09,栃木県,soumu_main_R6_0101
09364,野木町,ノギマチ,09,栃木県,soumu_main_R6_0101
09384,塩谷町,シオヤマチ,09,栃木県,soumu_main_R6_0101
09386,高根沢町,タカネザワマチ,09,栃木県,soumu_main_R6_0101
09407,那須町,ナスマチ,09,栃木県,soumu_main_R6_0101
09411,那珂川町,ナカガワマチ,09,栃木県,soumu_main_R6_0101
10201,前橋市,マエバシシ,10,群馬県,soumu_main_R6_0101
10202,高崎市,タカサキシ,10,群馬県,soumu_main_R6_0101
10203,桐生市,キリュウシ,10,群馬県,soumu_main_R6_0101
10204,伊勢崎市,イセサキシ,10,群馬県,soumu_main_R6_0101
10205,太田市,オオタシ,10,群馬県,soumu_main_R6_0101
10206,沼田市,ヌマタシ,10,群馬県,soumu_main_R6_0101
10207,館林市,タテバヤシシ,10,群馬県,soumu_main_R6_0101
10208,渋川市,シブカワシ,10,群馬県,soumu_main_R6_0101
10209,藤岡市,フジオカシ,10,群馬県,soumu_main_R6_0101
10210,富岡市,トミオカシ,10,群馬県,soumu_main_R6_0101
10211,安中市,アンナカシ,10,群馬県,soumu_main_R6_0101
10212,みどり市,ミドリシ,10,群馬県,soumu_main_R6_0101
10344,榛東村,シントウムラ,10,群馬県,soumu_main_R6_0101
10345,吉岡町,ヨシオカマチ,10,群馬県,soumu_main_R6_0101
10366,上野村,ウエノムラ,10,群馬県,soumu_main_R6_0101
10367,神流町,カンナマチ,10,群馬県,soumu_main_R6_0101
10382,下仁田町,シモニタマチ,10,群馬県,soumu_main_R6_0101
10383,南牧村,ナンモクムラ,10,群馬県,soumu_main_R6_0101
10384,甘楽町,カンラマチ,10,群馬県,soumu_main_R6_0101
10421,中之条町,ナカノジヨウマチ,10,群馬県,soumu_main_R6_0101
10424,長野原町,ナガノハラマチ,10,群馬県,soumu_main_R6_0101
10425,嬬恋村,ツマゴイムラ,10,群馬県,soumu_main_R6_0101
10426,草津町,クサツマチ,10,群馬県,soumu_main_R6_0101
10428,高山村,タカヤマムラ,10,群馬県,soumu_main_R6_0101
10429,東吾妻町,ヒガシアガツママチ,10,群馬県,soumu_main_R6_0101
10443,片品村,カタシナムラ,10,群馬県,soumu_main_R6_0101
10444,川場村,カワバムラ,10,群馬県,soumu_main_R6_0101
10448,昭和村,ショウワムラ,10,群馬県,soumu_main_R6_0101
10449,みなかみ町,ミナカミマチ,10,群馬県,soumu_main_R6_0101
10464,玉村町,タマムラマチ,10,群馬県,soumu_main_R6_0101
10521,板倉町,イタクラマチ,10,群馬県,soumu_main_R6_0101
10522,明和町,メイワマチ,10,群馬県,soumu_main_R6_0101
10523,千代田町,チヨダマチ,10,群馬県,soumu_main_R6_0101
10524,大泉町,オオイズミマチ,10,群馬県,soumu_main_R6_0101
10525,邑楽町,オウラマチ,10,群馬県,soumu_main_R6_0101
11100,さいたま市,サイタマシ,11,埼玉県,soumu_main_R6_0101
11101,西区,ニシク,11,埼玉県,soumu_main_R6_0101
11102,北区,キタク,11,埼玉県,soumu_main_R6_0101
11103,大宮区,オオミヤク,11,埼玉県,soumu_main_R6_0101
11104,見沼区,ミヌマク,11,埼玉県,soumu_main_R6_0101
11105,中央区,チュウオウク,11,埼玉県,soumu_main_R6_0101
11106,桜区,サクラク,11,埼玉県,soumu_main_R6_0101
11107,浦和区,ウラワク,11,埼玉県,soumu_main_R6_0101
11108,南区,ミナミク,11,埼玉県,soumu_main_R6_0101
11109,緑区,ミドリク,11,埼玉県,soumu_main_R6_0101
11110,岩槻区,イワツキク,11,埼玉県,soumu_main_R6_0101
11201,川越市,カワゴエシ,11,埼玉県,soumu_main_R6_0101
11202,熊谷市,クマガヤシ,11,埼玉県,soumu_main_R6_0101
11203,川口市,カワグチシ,11,埼玉県,soumu_main_R6_0101
11206,行田市,ギヨウダシ,11,埼玉県,soumu_main_R6_0101
11207,秩父市,チチブシ,11,埼玉県,soumu_main_R6_0101
11208,所沢市,トコロザワシ,11,埼玉県,soumu_main_R6_0101
11209,飯能市,ハンノウシ,11,埼玉県,soumu_main_R6_0101
11210,加須市,カゾシ,11,埼玉県,soumu_main_R6_0101
11211,本庄市,ホンジヨウシ,11,埼玉県,soumu_main_R6_0101
11212,東松山市,ヒガシマツヤマシ,11,埼玉県,soumu_main_R6_0101
11214,春日部市,カスカベシ,11,埼玉県,soumu_main_R6_0101
11215,狭山市,サヤマシ,11,埼玉県,soumu_main_R6_0101
11216,羽生市,ハニユウシ,11,埼玉県,soumu_main_R6_0101
11217,鴻巣市,コウノスシ,11,埼玉県,soumu_main_R6_0101
11218,深谷市,フカヤシ,11,埼玉県,soumu_main_R6_0101
11219,上尾市,アゲオシ,11,埼玉県,soumu_main_R6_0101
11221,草加市,ソウカシ,11,埼玉県,soumu_main_R6_0101
11222,越谷市,コシガヤシ,11,埼玉県,soumu_main_R6_0101
11223,蕨市,ワラビシ,11,埼玉県,soumu_main_R6_0101
11224,戸田市,トダシ,11,埼玉県,soumu_main_R6_0101
11225,入間市,イルマシ,11,埼玉県,soumu_main_R6_0101
11227,朝霞市,アサカシ,11,埼玉県,soumu_main_R6_0101
11228,志木市,シキシ,11,埼玉県,soumu_main_R6_0101
11229,和光市,ワコウシ,11,埼玉県,soumu_main_R6_0101
11230,新座市,ニイザシ,11,埼玉県,soumu_main_R6_0101
11231,桶川市,オケガワシ,11,埼玉県,soumu_main_R6_0101
11232,久喜市,クキシ,11,埼玉県,soumu_main_R6_0101
11233,北本市,キタモトシ,11,埼玉県,soumu_main_R6_0101
11234,八潮市,ヤシオシ,11,埼玉県,soumu_main_R6_0101
11235,富士見市,フジミシ,11,埼玉県,soumu_main_R6_0101
11237,三郷市,ミサトシ,11,埼玉県,soumu_main_R6_0101
11238,蓮田市,ハスダシ,11,埼玉県,soumu_main_R6_0101
11239,坂戸市,サカドシ,11,埼玉県,soumu_main_R6_0101
11240,幸手市,サッテシ,11,埼玉県,soumu_main_R6_0101
11241,鶴ヶ島市,ツルガシマシ,11,埼玉県,soumu_main_R6_0101
11242,日高市,ヒダカシ,11,埼玉県,soumu_main_R6_0101
11243,吉川市,ヨシカワシ,11,埼玉県,soumu_main_R6_0101
11245,ふじみ野市,フジミノシ,11,埼玉県,soumu_main_R6_0101
11246,白岡市,シラオカシ,11,埼玉県,soumu_main_R6_0101
11301,伊奈町,イナマチ,11,埼玉県,soumu_main_R6_0101
11324,三芳町,ミヨシマチ,11,埼玉県,soumu_main_R6_0101
11326,毛呂山町,モロヤママチ,11,埼玉県,soumu_main_R6_0101
11327,越生町,オゴセマチ,11,埼玉県,soumu_main_R6_0101
11341,滑川町,ナメガワマチ,11,埼玉県,soumu_main_R6_0101
11342,嵐山町,ランザンマチ,11,埼玉県,soumu_main_R6_0101
11343,小川町,オガワマチ,11,埼玉県,soumu_main_R6_0101
11346,川島町,カワジママチ,11,埼玉県,soumu_main_R6_0101
11347,吉見町,ヨシミマチ,11,埼玉県,soumu_main_R6_0101
11348,鳩山町,ハトヤママチ,11,埼玉県,soumu_main_R6_0101
11349,ときがわ町,トキガワマチ,11,埼玉県,soumu_main_R6_0101
11361,横瀬町,ヨコゼマチ,11,埼玉県,soumu_main_R6_0101
11362,皆野町,ミナノマチ,11,埼玉県,soumu_main_R6_0101
11363,長瀞町,ナガトロマチ,11,埼玉県,soumu_main_R6_0101
11365,小鹿野町,オガノマチ,11,埼玉県,soumu_main_R6_0101
11369,東秩父村,ヒガシチチブムラ,11,埼玉県,soumu_main_R6_0101
11381,美里町,ミサトマチ,11,埼玉県,soumu_main_R6_0101
11383,神川町,カミカワマチ,11,埼玉県,soumu_main_R6_0101
11385,上里町,カミサトマチ,11,埼玉県,soumu_main_R6_0101
11408,寄居町,ヨリイマチ,11,埼玉県,soumu_main_R6_0101
11442,宮代町,ミヤシロマチ,11,埼玉県,soumu_main_R6_0101
11464,杉戸町,スギトマチ,11,埼玉県,soumu_main_R6_0101
11465,松伏町,マツブシマチ,11,埼玉県,soumu_main_R6_0101
12100,千葉市,チバシ,12,千葉県,soumu_main_R6_0101
12101,中央区,チュウオウク,12,千葉県,soumu_main_R6_0101
12102,花見川区,ハナミガワク,12,千葉県,soumu_main_R6_0101
12103,稲毛区,イナゲク,12,千葉県,soumu_main_R6_0101
12104,若葉区,ワカバク,12,千葉県,soumu_main_R6_0101
12105,緑区,ミドリク,12,千葉県,soumu_main_R6_0101
12106,美浜区,ミハマク,12,千葉県,soumu_main_R6_0101
12202,銚子市,チョウシシ,12,千葉県,soumu_main_R6_0101
12203,市川市,イチカワシ,12,千葉県,soumu_main_R6_0101
12204,船橋市,フナバシシ,12,千葉県,soumu_main_R6_0101
12205,館山市,タテヤマシ,12,千葉県,soumu_main_R6_0101
12206,木更津市,キサラヅシ,12,千葉県,soumu_main_R6_0101
12207,松戸市,マツドシ,12,千葉県,soumu_main_R6_0101
12208,野田市,ノダシ,12,千葉県,soumu_main_R6_0101
12210,茂原市,モバラシ,12,千葉県,soumu_main_R6_0101
12211,成田市,ナリタシ,12,千葉県,soumu_main_R6_0101
12212,佐倉市,サクラシ,12,千葉県,soumu_main_R6_0101
12213,東金市,トウガネシ,12,千葉県,soumu_main_R6_0101
12215,旭市,アサヒシ,12,千葉県,soumu_main_R6_0101
12216,習志野市,ナラシノシ,12,千葉県,soumu_main_R6_0101
12217,柏市,カシワシ,12,千葉県,soumu_main_R6_0101
12218,勝浦市,カツウラシ,12,千葉県,soumu_main_R6_0101
12219,市原市,イチハラシ,12,千葉県,soumu_main_R6_0101
12220,流山市,ナガレヤマシ,12,千葉県,soumu_main_R6_0101
12221,八千代市,ヤチヨシ,12,千葉県,soumu_main_R6_0101
12222,我孫子市,アビコシ,12,千葉県,soumu_main_R6_0101
12223,鴨川市,カモガワシ,12,千葉県,soumu_main_R6_0101
12224,鎌ケ谷市,カマガヤシ,12,千葉県,soumu_main_R6_0101
12225,君津市,キミツシ,12,千葉県,soumu_main_R6_0101
12226,富津市,フッツシ,12,千葉県,soumu_main_R6_0101
12227,浦安市,ウラヤスシ,12,千葉県,soumu_main_R6_0101
12228,四街道市,ヨツカイドウシ,12,千葉県,soumu_main_R6_0101
12229,袖ケ浦市,ソデガウラシ,12,千葉県,soumu_main_R6_0101
12230,八街市,ヤチマタシ,12,千葉県,soumu_main_R6_0101
12231,印西市,インザイシ,12,千葉県,soumu_main_R6_0101
12232,白井市,シロイシ,12,千葉県,soumu_main_R6_0101
12233,富里市,トミサトシ,12,千葉県,soumu_main_R6_0101
12234,南房総市,ミナミボウソウシ,12,千葉県,soumu_main_R6_0101
12235,匝瑳市,ソウサシ,12,千葉県,soumu_main_R6_0101
12236,香取市,カトリシ,12,千葉県,soumu_main_R6_0101
12237,山武市,サンムシ,12,千葉県,soumu_main_R6_0101
12238,いすみ市,イスミシ,12,千葉県,soumu_main_R6_0101
12239,大網白里市,オオアミシラサトシ,12,千葉県,soumu_main_R6_0101
12322,酒々井町,シスイマチ,12,千葉県,soumu_main_R6_0101
12329,栄町,サカエマチ,12,千葉県,soumu_main_R6_0101
12342,神崎町,コウザキマチ,12,千葉県,soumu_main_R6_0101
12347,多古町,タコマチ,12,千葉県,soumu_main_R6_0101
12349,東庄町,トウノショウマチ,12,千葉県,soumu_main_R6_0101
12403,九十九里町,クジユウクリマチ,12,千葉県,soumu_main_R6_0101
12409,芝山町,シバヤママチ,12,千葉県,soumu_main_R6_0101
12410,横芝光町,ヨコシバヒカリマチ,12,千葉県,soumu_main_R6_0101
12421,一宮町,イチノミヤマチ,12,千葉県,soumu_main_R6_0101
12422,睦沢町,ムツザワマチ,12,千葉県,soumu_main_R6_0101
12423,長生村,チョウセイムラ,12,千葉県,soumu_main_R6_0101
12424,白子町,シラコマチ,12,千葉県,soumu_main_R6_0101
12426,長柄町,ナガラマチ,12,千葉県,soumu_main_R6_0101
12427,長南町,チョウナンマチ,12,千葉県,soumu_main_R6_0101
12441,大多喜町,オオタキマチ,12,千葉県,soumu_main_R6_0101
12443,御宿町,オンジユクマチ,12,千葉県,soumu_main_R6_0101
12463,鋸南町,キヨナンマチ,12,千葉県,soumu_main_R6_0101
13101,千代田区,チヨダク,13,東京都,soumu_main_R6_0101
13102,中央区,チュウオウク,13,東京都,soumu_main_R6_0101
13103,港区,ミナトク,13,東京都,soumu_main_R6_0101
13104,新宿区,シンジュクク,13,東京都,soumu_main_R6_0101
13105,文京区,ブンキョウク,13,東京都,soumu_main_R6_0101
13106,台東区,タイトウク,13,東京都,soumu_main_R6_0101
13107,墨田区,スミダク,13,東京都,soumu_main_R6_0101
13108,江東区,コウトウク,13,東京都,soumu_main_R6_0101
13109,品川区,シナガワク,13,東京都,soumu_main_R6_0101
13110,目黒区,メグロク,13,東京都,soumu_main_R6_0101
13111,大田区,オオタク,13,東京都,soumu_main_R6_0101
13112,世田谷区,セタガヤク,13,東京都,soumu_main_R6_0101
13113,渋谷区,シブヤク,13,東京都,soumu_main_R6_0101
13114,中野区,ナカノク,13,東京都,soumu_main_R6_0101
13115,杉並区,スギナミク,13,東京都,soumu_main_R6_0101
13116,豊島区,トシマク,13,東京都,soumu_main_R6_0101
13117,北区,キタク,13,東京都,soumu_main_R6_0101
13118,荒川区,アラカワク,13,東京都,soumu_main_R6_0101
13119,板橋区,イタバシク,13,東京都,soumu_main_R6_0101
13120,練馬区,ネリマク,13,東京都,soumu_main_R6_0101
13121,足立区,アダチク,13,東京都,soumu_main_R6_0101
13122,葛飾区,カツシカク,13,東京都,soumu_main_R6_0101
13123,江戸川区,エドガワク,13,東京都,soumu_main_R6_0101
13201,八王子市,ハチオウジシ,13,東京都,soumu_main_R6_0101
13202,立川市,タチカワシ,13,東京都,soumu_main_R6_0101
13203,武蔵野市,ムサシノシ,13,東京都,soumu_main_R6_0101
13204,三鷹市,ミタカシ,13,東京都,soumu_main_R6_0101
13205,青梅市,オウメシ,13,東京都,soumu_main_R6_0101
13206,府中市,フチュウシ,13,東京都,soumu_main_R6_0101
13207,昭島市,アキシマシ,13,東京都,soumu_main_R6_0101
13208,調布市,チョウフシ,13,東京都,soumu_main_R6_0101
13209,町田市,マチダシ,13,東京都,soumu_main_R6_0101
13210,小金井市,コガネイシ,13,東京都,soumu_main_R6_0101
13211,小平市,コダイラシ,13,東京都,soumu_main_R6_0101
13212,日野市,ヒノシ,13,東京都,soumu_main_R6_0101
13213,東村山市,ヒガシムラヤマシ,13,東京都,soumu_main_R6_0101
13214,国分寺市,コクブンジシ,13,東京都,soumu_main_R6_0101
13215,国立市,クニタチシ,13,東京都,soumu_main_R6_0101
13218,福生市,フッサシ,13,東京都,soumu_main_R6_0101
13219,狛江市,コマエシ,13,東京都,soumu_main_R6_0101
13220,東大和市,ヒガシヤマトシ,13,東京都,soumu_main_R6_0101
13221,清瀬市,キヨセシ,13,東京都,soumu_main_R6_0101
13222,東久留米市,ヒガシクルメシ,13,東京都,soumu_main_R6_0101
13223,武蔵村山市,ムサシムラヤマシ,13,東京都,soumu_main_R6_0101
13224,多摩市,タマシ,13,東京都,soumu_main_R6_0101
13225,稲城市,イナギシ,13,東京都,soumu_main_R6_0101
13227,羽村市,ハムラシ,13,東京都,soumu_main_R6_0101
13228,あきる野市,アキルノシ,13,東京都,soumu_main_R6_0101
13229,西東京市,ニシトウキョウシ,13,東京都,soumu_main_R6_0101
13303,瑞穂町,ミズホマチ,13,東京都,soumu_main_R6_0101
13305,日の出町,ヒノデマチ,13,東京都,soumu_main_R6_0101
13307,檜原村,ヒノハラムラ,13,東京都,soumu_main_R6_0101
13308,奥多摩町,オクタママチ,13,東京都,soumu_main_R6_0101
13361,大島町,オオシママチ,13,東京都,soumu_main_R6_0101
13362,利島村,トシマムラ,13,東京都,soumu_main_R6_0101
13363,新島村,ニイジマムラ,13,東京都,soumu_main_R6_0101
13364,神津島村,コウヅシマムラ,13,東京都,soumu_main_R6_0101
13381,三宅村,ミヤケムラ,13,東京都,soumu_main_R6_0101
13382,御蔵島村,ミクラジマムラ,13,東京都,soumu_main_R6_0101
13401,八丈町,ハチジョウマチ,13,東京都,soumu_main_R6_0101
13402,青ヶ島村,アオガシマムラ,13,東京都,soumu_main_R6_0101
13421,小笠原村,オガサワラムラ,13,東京都,soumu_main_R6_0101
14100,横浜市,ヨコハマシ,14,神奈川県,soumu_main_R6_0101
14101,鶴見区,ツルミク,14,神奈川県,soumu_main_R6_0101
14102,神奈川区,カナガワク,14,神奈川県,soumu_main_R6_0101
14103,西区,ニシク,14,神奈川県,soumu_main_R6_0101
14104,中区,ナカク,14,神奈川県,soumu_main_R6_0101
14105,南区,ミナミク,14,神奈川県,soumu_main_R6_0101
14106,保土ケ谷区,ホドガヤク,14,神奈川県,soumu_main_R6_0101
14107,磯子区,イソゴク,14,神奈川県,soumu_main_R6_0101
14108,金沢区,カナザワク,14,神奈川県,soumu_main_R6_0101
14109,港北区,コウホクク,14,神奈川県,soumu_main_R6_0101
14110,戸塚区,トツカク,14,神奈川県,soumu_main_R6_0101
14111,港南区,コウナンク,14,神奈川県,soumu_main_R6_0101
14112,旭区,アサヒク,14,神奈川県,soumu_main_R6_0101
14113,緑区,ミドリク,14,神奈川県,soumu_main_R6_0101
14114,瀬谷区,セヤク,14,神奈川県,soumu_main_R6_0101
14115,栄区,サカエク,14,神奈川県,soumu_main_R6_0101
14116,泉区,イズミク,14,神奈川県,soumu_main_R6_0101
14117,青葉区,アオバク,14,神奈川県,soumu_main_R6_0101
14118,都筑区,ツヅキク,14,神奈川県,soumu_main_R6_0101
14130,川崎市,カワサキシ,14,神奈川県,soumu_main_R6_0101
14131,川崎区,カワサキク,14,神奈川県,soumu_main_R6_0101
14132,幸区,サイワイク,14,神奈川県,soumu_main_R6_0101
14133,中原区,ナカハラク,14,神奈川県,soumu_main_R6_0101
14134,高津区,タカツク,14,神奈川県,soumu_main_R6_0101
14135,多摩区,タマク,14,神奈川県,soumu_main_R6_0101
14136,宮前区,ミヤマエク,14,神奈川県,soumu_main_R6_0101
14137,麻生区,アサオク,14,神奈川県,soumu_main_R6_0101
14150,相模原市,サガミハラシ,14,神奈川県,soumu_main_R6_0101
14151,緑区,ミドリク,14,神奈川県,soumu_main_R6_0101
14152,中央区,チュウオウク,14,神奈川県,soumu_main_R6_0101
14153,南区,ミナミク,14,神奈川県,soumu_main_R6_0101
14201,横須賀市,ヨコスカシ,14,神奈川県,soumu_main_R6_0101
14203,平塚市,ヒラツカシ,14,神奈川県,soumu_main_R6_0101
14204,鎌倉市,カマクラシ,14,神奈川県,soumu_main_R6_0101
14205,藤沢市,フジサワシ,14,神奈川県,soumu_main_R6_0101
14206,小田原市,オダワラシ,14,神奈川県,soumu_main_R6_0101
14207,茅ヶ崎市,チガサキシ,14,神奈川県,soumu_main_R6_0101
14208,逗子市,ズシシ,14,神奈川県,soumu_main_R6_0101
14210,三浦市,ミウラシ,14,神奈川県,soumu_main_R6_0101
14211,秦野市,ハダノシ,14,神奈川県,soumu_main_R6_0101
14212,厚木市,アツギシ,14,神奈川県,soumu_main_R6_0101
14213,大和市,ヤマトシ,14,神奈川県,soumu_main_R6_0101
14214,伊勢原市,イセハラシ,14,神奈川県,soumu_main_R6_0101
14215,海老名市,エビナシ,14,神奈川県,soumu_main_R6_0101
14216,座間市,ザマシ,14,神奈川県,soumu_main_R6_0101
14217,南足柄市,ミナミアシガラシ,14,神奈川県,soumu_main_R6_0101
14218,綾瀬市,アヤセシ,14,神奈川県,soumu_main_R6_0101
14301,葉山町,ハヤママチ,14,神奈川県,soumu_main_R6_0101
14321,寒川町,サムカワマチ,14,神奈川県,soumu_main_R6_0101
14341,大磯町,オオイソマチ,14,神奈川県,soumu_main_R6_0101
14342,二宮町,ニノミヤマチ,14,神奈川県,soumu_main_R6_0101
14361,中井町,ナカイマチ,14,神奈川県,soumu_main_R6_0101
14362,大井町,オオイマチ,14,神奈川県,soumu_main_R6_0101
14363,松田町,マツダマチ,14,神奈川県,soumu_main_R6_0101
14364,山北町,ヤマキタマチ,14,神奈川県,soumu_main_R6_0101
14366,開成町,カイセイマチ,14,神奈川県,soumu_main_R6_0101
14382,箱根町,ハコネマチ,14,神奈川県,soumu_main_R6_0101
14383,真鶴町,マナヅルマチ,14,神奈川県,soumu_main_R6_0101
14384,湯河原町,ユガワラマチ,14,神奈川県,soumu_main_R6_0101
14401,愛川町,アイカワマチ,14,神奈川県,soumu_main_R6_0101
14402,清川村,キヨカワムラ,14,神奈川県,soumu_main_R6_0101
15100,新潟市,ニイガタシ,15,新潟県,soumu_main_R6_0101
15101,北区,キタク,15,新潟県,soumu_main_R6_0101
15102,東区,ヒガシク,15,新潟県,soumu_main_R6_0101
15103,中央区,チュウオウク,15,新潟県,soumu_main_R6_0101
15104,江南区,コウナンク,15,新潟県,soumu_main_R6_0101
15105,秋葉区,アキハク,15,新潟県,soumu_main_R6_0101
15106,南区,ミナミク,15,新潟県,soumu_main_R6_0101
15107,西区,ニシク,15,新潟県,soumu_main_R6_0101
15108,西蒲区,ニシカンク,15,新潟県,soumu_main_R6_0101
15202,長岡市,ナガオカシ,15,新潟県,soumu_main_R6_0101
15204,三条市,サンジョウシ,15,新潟県,soumu_main_R6_0101
15205,柏崎市,カシワザキシ,15,新潟県,soumu_main_R6_0101
15206,新発田市,シバタシ,15,新潟県,soumu_main_R6_0101
15208,小千谷市,オヂヤシ,15,新潟県,soumu_main_R6_0101
15209,加茂市,カモシ,15,新潟県,soumu_main_R6_0101
15210,十日町市,トオカマチシ,15,新潟県,soumu_main_R6_0101
15211,見附市,ミツケシ,15,新潟県,soumu_main_R6_0101
15212,村上市,ムラカミシ,15,新潟県,soumu_main_R6_0101
15213,燕市,ツバメシ,15,新潟県,soumu_main_R6_0101
15216,糸魚川市,イトイガワシ,15,新潟県,soumu_main_R6_0101
15217,妙高市,ミョウコウシ,15,新潟県,soumu_main_R6_0101
15218,五泉市,ゴセンシ,15,新潟県,soumu_main_R6_0101
15222,上越市,ジョウエツシ,15,新潟県,soumu_main_R6_0101
15223,阿賀野市,アガノシ,15,新潟県,soumu_main_R6_0101
15224,佐渡市,サドシ,15,新潟県,soumu_main_R6_0101
15225,魚沼市,ウオヌマシ,15,新潟県,soumu_main_R6_0101
15226,南魚沼市,ミナミウオヌマシ,15,新潟県,soumu_main_R6_0101
15227,胎内市,タイナイシ,15,新潟県,soumu_main_R6_0101
15307,聖籠町,セイロウマチ,15,新潟県,soumu_main_R6_0101
15342,弥彦村,ヤヒコムラ,15,新潟県,soumu_main_R6_0101
15361,田上町,タガミマチ,15,新潟県,soumu_main_R6_0101
15385,阿賀町,アガマチ,15,新潟県,soumu_main_R6_0101
15405,出雲崎町,イズモザキマチ,15,新潟県,soumu_main_R6_0101
15461,湯沢町,ユザワマチ,15,新潟県,soumu_main_R6_0101
15482,津南町,ツナンマチ,15,新潟県,soumu_main_R6_0101
15504,刈羽村,カリワムラ,15,新潟県,soumu_main_R6_0101
15581,関川村,セキカワムラ,15,新潟県,soumu_main_R6_0101
15586,粟島浦村,アワシマウラムラ,15,新潟県,soumu_main_R6_0101
16201,富山市,トヤマシ,16,富山県,soumu_main_R6_0101
16202,高岡市,タカオカシ,16,富山県,soumu_main_R6_0101
16204,魚津市,ウオヅシ,16,富山県,soumu_main_R6_0101
16205,氷見市,ヒミシ,16,富山県,soumu_main_R6_0101
16206,滑川市,ナメリカワシ,16,富山県,soumu_main_R6_0101
16207,黒部市,クロベシ,16,富山県,soumu_main_R6_0101
16208,砺波市,トナミシ,16,富山県,soumu_main_R6_0101
16209,小矢部市,オヤベシ,16,富山県,soumu_main_R6_0101
16210,南砺市,ナントシ,16,富山県,soumu_main_R6_0101
16211,射水市,イミズシ,16,富山県,soumu_main_R6_0101
16321,舟橋村,フナハシムラ,16,富山県,soumu_main_R6_0101
16322,上市町,カミイチマチ,16,富山県,soumu_main_R6_0101
16323,立山町,タテヤママチ,16,富山県,soumu_main_R6_0101
16342,入善町,ニュウゼンマチ,16,富山県,soumu_main_R6_0101
16343,朝日町,アサヒマチ,16,富山県,soumu_main_R6_0101
17201,金沢市,カナザワシ,17,石川県,soumu_main_R6_0101
17202,七尾市,ナナオシ,17,石川県,soumu_main_R6_0101
17203,小松市,コマツシ,17,石川県,soumu_main_R6_0101
17204,輪島市,ワジマシ,17,石川県,soumu_main_R6_0101
17205,珠洲市,スズシ,17,石川県,soumu_main_R6_0101
17206,加賀市,カガシ,17,石川県,soumu_main_R6_0101
17207,羽咋市,ハクイシ,17,石川県,soumu_main_R6_0101
17209,かほく市,カホクシ,17,石川県,soumu_main_R6_0101
17210,白山市,ハクサンシ,17,石川県,soumu_main_R6_0101
17211,能美市,ノミシ,17,石川県,soumu_main_R6_0101
17212,野々市市,ノノイチシ,17,石川県,soumu_main_R6_0101
17324,川北町,カワキタマチ,17,石川県,soumu_main_R6_0101
17361,津幡町,ツバタマチ,17,石川県,soumu_main_R6_0101
17365,内灘町,ウチナダマチ,17,石川県,soumu_main_R6_0101
17384,志賀町,シカマチ,17,石川県,soumu_main_R6_0101
17386,宝達志水町,ホウダツシミズチョウ,17,石川県,soumu_main_R6_0101
17407,中能登町,ナカノトマチ,17,石川県,soumu_main_R6_0101
17461,穴水町,アナミズマチ,17,石川県,soumu_main_R6_0101
17463,能登町,ノトチョウ,17,石川県,soumu_main_R6_0101
18201,福井市,フクイシ,18,福井県,soumu_main_R6_0101
18202,敦賀市,ツルガシ,18,福井県,soumu_main_R6_0101
18204,小浜市,オバマシ,18,福井県,soumu_main_R6_0101
18205,大野市,オオノシ,18,福井県,soumu_main_R6_0101
18206,勝山市,カツヤマシ,18,福井県,soumu_main_R6_0101
18207,鯖江市,サバエシ,18,福井県,soumu_main_R6_0101
18208,あわら市,アワラシ,18,福井県,soumu_main_R6_0101
18209,越前市,エチゼンシ,18,福井県,soumu_main_R6_0101
18210,坂井市,サカイシ,18,福井県,soumu_main_R6_0101
18322,永平寺町,エイヘイジチョウ,18,福井県,soumu_main_R6_0101
18382,池田町,イケダチョウ,18,福井県,soumu_main_R6_0101
18404,南越前町,ミナミエチゼンチョウ,18,福井県,soumu_main_R6_0101
18423,越前町,エチゼンチョウ,18,福井県,soumu_main_R6_0101
18442,美浜町,ミハマチョウ,18,福井県,soumu_main_R6_0101
18481,高浜町,タカハマチョウ,18,福井県,soumu_main_R6_0101
18483,おおい町,オオイチョウ,18,福井県,soumu_main_R6_0101
18501,若狭町,ワカサチョウ,18,福井県,soumu_main_R6_0101
19201,甲府市,コウフシ,19,山梨県,soumu_main_R6_0101
19202,富士吉田市,フジヨシダシ,19,山梨県,soumu_main_R6_0101
19204,都留市,ツルシ,19,山梨県,soumu_main_R6_0101
19205,山梨市,ヤマナシシ,19,山梨県,soumu_main_R6_0101
19206,大月市,オオツキシ,19,山梨県,soumu_main_R6_0101
19207,韮崎市,ニラサキシ,19,山梨県,soumu_main_R6_0101
19208,南アルプス市,ミナミアルプスシ,19,山梨県,soumu_main_R6_0101
19209,北杜市,ホクトシ,19,山梨県,soumu_main_R6_0101
19210,甲斐市,カイシ,19,山梨県,soumu_main_R6_0101
19211,笛吹市,フエフキシ,19,山梨県,soumu_main_R6_0101
19212,上野原市,ウエノハラシ,19,山梨県,soumu_main_R6_0101
19213,甲州市,コウシュウシ,19,山梨県,soumu_main_R6_0101
19214,中央市,チュウオウシ,19,山梨県,soumu_main_R6_0101
19346,市川三郷町,イチカワミサトチョウ,19,山梨県,soumu_main_R6_0101
19364,早川町,ハヤカワチョウ,19,山梨県,soumu_main_R6_0101
19365,身延町,ミノブチョウ,19,山梨県,soumu_main_R6_0101
19366,南部町,ナンブチョウ,19,山梨県,soumu_main_R6_0101
19368,富士川町,フジカワチョウ,19,山梨県,soumu_main_R6_0101
19384,昭和町,ショウワチョウ,19,山梨県,soumu_main_R6_0101
19422,道志村,ドウシムラ,19,山梨県,soumu_main_R6_0101
19423,西桂町,ニシカツラチョウ,19,山梨県,soumu_main_R6_0101
19424,忍野村,オシノムラ,19,山梨県,soumu_main_R6_0101
19425,山中湖村,ヤマナカコムラ,19,山梨県,soumu_main_R6_0101
19429,鳴沢村,ナルサワムラ,19,山梨県,soumu_main_R6_0101
19430,富士河口湖町,フジカワグチコマチ,19,山梨県,soumu_main_R6_0101
19442,小菅村,コスゲムラ,19,山梨県,soumu_main_R6_0101
19443,丹波山村,タバヤマムラ,19,山梨県,soumu_main_R6_0101
20201,長野市,ナガノシ,20,長野県,soumu_main_R6_0101
20202,松本市,マツモトシ,20,長野県,soumu_main_R6_0101
20203,上田市,ウエダシ,20,長野県,soumu_main_R6_0101
20204,岡谷市,オカヤシ,20,長野県,soumu_main_R6_0101
20205,飯田市,イイダシ,20,長野県,soumu_main_R6_0101
20206,諏訪市,スワシ,20,長野県,soumu_main_R6_0101
20207,須坂市,スザカシ,20,長野県,soumu_main_R6_0101
20208,小諸市,コモロシ,20,長野県,soumu_main_R6_0101
20209,伊那市,イナシ,20,長野県,soumu_main_R6_0101
20210,駒ヶ根市,コマガネシ,20,長野県,soumu_main_R6_0101
20211,中野市,ナカノシ,20,長野県,soumu_main_R6_0101
20212,大町市,オオマチシ,20,長野県,soumu_main_R6_0101
20213,飯山市,イイヤマシ,20,長野県,soumu_main_R6_0101
20214,茅野市,チノシ,20,長野県,soumu_main_R6_0101
20215,塩尻市,シオジリシ,20,長野県,soumu_main_R6_0101
20217,佐久市,サクシ,20,長野県,soumu_main_R6_0101
20218,千曲市,チクマシ,20,長野県,soumu_main_R6_0101
20219,東御市,トウミシ,20,長野県,soumu_main_R6_0101
20220,安曇野市,アヅミノシ,20,長野県,soumu_main_R6_0101
20303,小海町,コウミマチ,20,長野県,soumu_main_R6_0101
20304,川上村,カワカミムラ,20,長野県,soumu_main_R6_0101
20305,南牧村,ミナミマキムラ,20,長野県,soumu_main_R6_0101
20306,南相木村,ミナミアイキムラ,20,長野県,soumu_main_R6_0101
20307,北相木村,キタアイキムラ,20,長野県,soumu_main_R6_0101
20309,佐久穂町,サクホマチ,20,長野県,soumu_main_R6_0101
20321,軽井沢町,カルイザワマチ,20,長野県,soumu_main_R6_0101
20323,御代田町,ミヨタマチ,20,長野県,soumu_main_R6_0101
20324,立科町,タテシナマチ,20,長野県,soumu_main_R6_0101
20349,青木村,アオキムラ,20,長野県,soumu_main_R6_0101
20350,長和町,ナガワマチ,20,長野県,soumu_main_R6_0101
20361,下諏訪町,シモスワマチ,20,長野県,soumu_main_R6_0101
20362,富士見町,フジミマチ,20,長野県,soumu_main_R6_0101
20363,原村,ハラムラ,20,長野県,soumu_main_R6_0101
20382,辰野町,タツノマチ,20,長野県,soumu_main_R6_0101
20383,箕輪町,ミノワマチ,20,長野県,soumu_main_R6_0101
20384,飯島町,イイジママチ,20,長野県,soumu_main_R6_0101
20385,南箕輪村,ミナミミノワムラ,20,長野県,soumu_main_R6_0101
20386,中川村,ナカガワムラ,20,長野県,soumu_main_R6_0101
20388,宮田村,ミヤダムラ,20,長野県,soumu_main_R6_0101
20402,松川町,マツカワマチ,20,長野県,soumu_main_R6_0101
20403,高森町,タカモリマチ,20,長野県,soumu_main_R6_0101
20404,阿南町,アナンチョウ,20,長野県,soumu_main_R6_0101
20407,阿智村,アチムラ,20,長野県,soumu_main_R6_0101
20409,平谷村,ヒラヤムラ,20,長野県,soumu_main_R6_0101
20410,根羽村,ネバムラ,20,長野県,soumu_main_R6_0101
20411,下條村,シモジョウムラ,20,長野県,soumu_main_R6_0101
20412,売木村,ウルギムラ,20,長野県,soumu_main_R6_0101
20413,天龍村,テンリュウムラ,20,長野県,soumu_main_R6_0101
20414,泰阜村,ヤスオカムラ,20,長野県,soumu_main_R6_0101
20415,喬木村,タカギムラ,20,長野県,soumu_main_R6_0101
20416,豊丘村,トヨオカムラ,20,長野県,soumu_main_R6_0101
20417,大鹿村,オオシカムラ,20,長野県,soumu_main_R6_0101
20422,上松町,アゲマツマチ,20,長野県,soumu_main_R6_0101
20423,南木曽町,ナギソマチ,20,長野県,soumu_main_R6_0101
20425,木祖村,キソムラ,20,長野県,soumu_main_R6_0101
20429,王滝村,オウタキムラ,20,長野県,soumu_main_R6_0101
20430,大桑村,オオクワムラ,20,長野県,soumu_main_R6_0101
20432,木曽町,キソマチ,20,長野県,soumu_main_R6_0101
20446,麻績村,オミムラ,20,長野県,soumu_main_R6_0101
20448,生坂村,イクサカムラ,20,長野県,soumu_main_R6_0101
20450,山形村,ヤマガタムラ,20,長野県,soumu_main_R6_0101
20451,朝日村,アサヒムラ,20,長野県,soumu_main_R6_0101
20452,筑北村,チクホクムラ,20,長野県,soumu_main_R6_0101
20481,池田町,イケダマチ,20,長野県,soumu_main_R6_0101
20482,松川村,マツカワムラ,20,長野県,soumu_main_R6_0101
20485,白馬村,ハクバムラ,20,長野県,soumu_main_R6_0101
20486,小谷村,オタリムラ,20,長野県,soumu_main_R6_0101
20521,坂城町,サカキマチ,20,長野県,soumu_main_R6_0101
20541,小布施町,オブセマチ,20,長野県,soumu_main_R6_0101
20543,高山村,タカヤマムラ,20,長野県,soumu_main_R6_0101
20561,山ノ内町,ヤマノウチマチ,20,長野県,soumu_main_R6_0101
20562,木島平村,キジマダイラムラ,20,長野県,soumu_main_R6_0101
20563,野沢温泉村,ノザワオンセンムラ,20,長野県,soumu_main_R6_0101
20583,信濃町,シナノマチ,20,長野県,soumu_main_R6_0101
20588,小川村,オガワムラ,20,長野県,soumu_main_R6_0101
20590,飯綱町,イイヅナマチ,20,長野県,soumu_main_R6_0101
20602,栄村,サカエムラ,20,長野県,soumu_main_R6_0101
21201,岐阜市,ギフシ,21,岐阜県,soumu_main_R6_0101
21202,大垣市,オオガキシ,21,岐阜県,soumu_main_R6_0101
21203,高山市,タカヤマシ,21,岐阜県,soumu_main_R6_0101
21204,多治見市,タジミシ,21,岐阜県,soumu_main_R6_0101
21205,関市,セキシ,21,岐阜県,soumu_main_R6_0101
21206,中津川市,ナカツガワシ,21,岐阜県,soumu_main_R6_0101
21207,美濃市,ミノシ,21,岐阜県,soumu_main_R6_0101
21208,瑞浪市,ミズナミシ,21,岐阜県,soumu_main_R6_0101
21209,羽島市,ハシマシ,21,岐阜県,soumu_main_R6_0101
21210,恵那市,エナシ,21,岐阜県,soumu_main_R6_0101
21211,美濃加茂市,ミノカモシ,21,岐阜県,soumu_main_R6_0101
21212,土岐市,トキシ,21,岐阜県,soumu_main_R6_0101
21213,各務原市,カカミガハラシ,21,岐阜県,soumu_main_R6_0101
21214,可児市,カニシ,21,岐阜県,soumu_main_R6_0101
21215,山県市,ヤマガタシ,21,岐阜県,soumu_main_R6_0101
21216,瑞穂市,ミズホシ,21,岐阜県,soumu_main_R6_0101
21217,飛騨市,ヒダシ,21,岐阜県,soumu_main_R6_0101
21218,本巣市,モトスシ,21,岐阜県,soumu_main_R6_0101
21219,郡上市,グジョウシ,21,岐阜県,soumu_main_R6_0101
21220,下呂市,ゲロシ,21,岐阜県,soumu_main_R6_0101
21221,海津市,カイヅシ,21,岐阜県,soumu_main_R6_0101
21302,岐南町,ギナンチョウ,21,岐阜県,soumu_main_R6_0101
21303,笠松町,カサマツチョウ,21,岐阜県,soumu_main_R6_0101
21341,養老町,ヨウロウチョウ,21,岐阜県,soumu_main_R6_0101
21361,垂井町,タルイチョウ,21,岐阜県,soumu_main_R6_0101
21362,関ケ原町,セキガハラチョウ,21,岐阜県,soumu_main_R6_0101
21381,神戸町,ゴウドチョウ,21,岐阜県,soumu_main_R6_0101
21382,輪之内町,ワノウチチョウ,21,岐阜県,soumu_main_R6_0101
21383,安八町,アンパチチョウ,21,岐阜県,soumu_main_R6_0101
21401,揖斐川町,イビガワチョウ,21,岐阜県,soumu_main_R6_0101
21403,大野町,オオノチョウ,21,岐阜県,soumu_main_R6_0101
21404,池田町,イケダチョウ,21,岐阜県,soumu_main_R6_0101
21421,北方町,キタガタチョウ,21,岐阜県,soumu_main_R6_0101
21501,坂祝町,サカホギチョウ,21,岐阜県,soumu_main_R6_0101
21502,富加町,トミカチョウ,21,岐阜県,soumu_main_R6_0101
21503,川辺町,カワベチョウ,21,岐阜県,soumu_main_R6_0101
21504,七宗町,ヒチソウチョウ,21,岐阜県,soumu_main_R6_0101
21505,八百津町,ヤオツチョウ,21,岐阜県,soumu_main_R6_0101
21506,白川町,シラカワチョウ,21,岐阜県,soumu_main_R6_0101
21507,東白川村,ヒガシシラカワムラ,21,岐阜県,soumu_main_R6_0101
21521,御嵩町,ミタケチョウ,21,岐阜県,soumu_main_R6_0101
21604,白川村,シラカワムラ,21,岐阜県,soumu_main_R6_0101
22100,静岡市,シズオカシ,22,静岡県,soumu_main_R6_0101
22101,葵区,アオイク,22,静岡県,soumu_main_R6_0101
22102,駿河区,スルガク,22,静岡県,soumu_main_R6_0101
22103,清水区,シミズク,22,静岡県,soumu_main_R6_0101
22130,浜松市,ハママツシ,22,静岡県,soumu_main_R6_0101
22138,中央区,チュウオウク,22,静岡県,soumu_main_R6_0101
22139,浜名区,ハマナク,22,静岡県,soumu_main_R6_0101
22140,天竜区,テンリュウク,22,静岡県,soumu_main_R6_0101
22203,沼津市,ヌマヅシ,22,静岡県,soumu_main_R6_0101
22205,熱海市,アタミシ,22,静岡県,soumu_main_R6_0101
22206,三島市,ミシマシ,22,静岡県,soumu_main_R6_0101
22207,富士宮市,フジノミヤシ,22,静岡県,soumu_main_R6_0101
22208,伊東市,イトウシ,22,静岡県,soumu_main_R6_0101
22209,島田市,シマダシ,22,静岡県,soumu_main_R6_0101
22210,富士市,フジシ,22,静岡県,soumu_main_R6_0101
22211,磐田市,イワタシ,22,静岡県,soumu_main_R6_0101
22212,焼津市,ヤイヅシ,22,静岡県,soumu_main_R6_0101
22213,掛川市,カケガワシ,22,静岡県,soumu_main_R6_0101
22214,藤枝市,フジエダシ,22,静岡県,soumu_main_R6_0101
22215,御殿場市,ゴテンバシ,22,静岡県,soumu_main_R6_0101
22216,袋井市,フクロイシ,22,静岡県,soumu_main_R6_0101
22219,下田市,シモダシ,22,静岡県,soumu_main_R6_0101
22220,裾野市,スソノシ,22,静岡県,soumu_main_R6_0101
22221,湖西市,コサイシ,22,静岡県,soumu_main_R6_0101
22222,伊豆市,イズシ,22,静岡県,soumu_main_R6_0101
22223,御前崎市,オマエザキシ,22,静岡県,soumu_main_R6_0101
22224,菊川市,キクガワシ,22,静岡県,soumu_main_R6_0101
22225,伊豆の国市,イズノクニシ,22,静岡県,soumu_main_R6_0101
22226,牧之原市,マキノハラシ,22,静岡県,soumu_main_R6_0101
22301,東伊豆町,ヒガシイズチョウ,22,静岡県,soumu_main_R6_0101
22302,河津町,カワヅチョウ,22,静岡県,soumu_main_R6_0101
22304,南伊豆町,ミナミイズチョウ,22,静岡県,soumu_main_R6_0101
22305,松崎町,マツザキチョウ,22,静岡県,soumu_main_R6_0101
22306,西伊豆町,ニシイズチョウ,22,静岡県,soumu_main_R6_0101
22325,函南町,カンナミチョウ,22,静岡県,soumu_main_R6_0101
22341,清水町,シミズチョウ,22,静岡県,soumu_main_R6_0101
22342,長泉町,ナガイズミチョウ,22,静岡県,soumu_main_R6_0101
22344,小山町,オヤマチョウ,22,静岡県,soumu_main_R6_0101
22424,吉田町,ヨシダチョウ,22,静岡県,soumu_main_R6_0101
22429,川根本町,カワネホンチョウ,22,静岡県,soumu_main_R6_0101
22461,森町,モリマチ,22,静岡県,soumu_main_R6_0101
23100,名古屋市,ナゴヤシ,23,愛知県,soumu_main_R6_0101
23101,千種区,チクサク,23,愛知県,soumu_main_R6_0101
23102,東区,ヒガシク,23,愛知県,soumu_main_R6_0101
23103,北区,キタク,23,愛知県,soumu_main_R6_0101
23104,西区,ニシク,23,愛知県,soumu_main_R6_0101
23105,中村区,ナカムラク,23,愛知県,soumu_main_R6_0101
23106,中区,ナカク,23,愛知県,soumu_main_R6_0101
23107,昭和区,ショウワク,23,愛知県,soumu_main_R6_0101
23108,瑞穂区,ミズホク,23,愛知県,soumu_main_R6_0101
23109,熱田区,アツタク,23,愛知県,soumu_main_R6_0101
23110,中川区,ナカガワク,23,愛知県,soumu_main_R6_0101
23111,港区,ミナトク,23,愛知県,soumu_main_R6_0101
23112,南区,ミナミク,23,愛知県,soumu_main_R6_0101
23113,守山区,モリヤマク,23,愛知県,soumu_main_R6_0101
23114,緑区,ミドリク,23,愛知県,soumu_main_R6_0101
23115,名東区,メイトウク,23,愛知県,soumu_main_R6_0101
23116,天白区,テンパクク,23,愛知県,soumu_main_R6_0101
23201,豊橋市,トヨハシシ,23,愛知県,soumu_main_R6_0101
23202,岡崎市,オカザキシ,23,愛知県,soumu_main_R6_0101
23203,一宮市,イチノミヤシ,23,愛知県,soumu_main_R6_0101
23204,瀬戸市,セトシ,23,愛知県,soumu_main_R6_0101
23205,半田市,ハンダシ,23,愛知県,soumu_main_R6_0101
23206,春日井市,カスガイシ,23,愛知県,soumu_main_R6_0101
23207,豊川市,トヨカワシ,23,愛知県,soumu_main_R6_0101
23208,津島市,ツシマシ,23,愛知県,soumu_main_R6_0101
23209,碧南市,ヘキナンシ,23,愛知県,soumu_main_R6_0101
23210,刈谷市,カリヤシ,23,愛知県,soumu_main_R6_0101
23211,豊田市,トヨタシ,23,愛知県,soumu_main_R6_0101
23212,安城市,アンジョウシ,23,愛知県,soumu_main_R6_0101
23213,西尾市,ニシオシ,23,愛知県,soumu_main_R6_0101
23214,蒲郡市,ガマゴオリシ,23,愛知県,soumu_main_R6_0101
23215,犬山市,イヌヤマシ,23,愛知県,soumu_main_R6_0101
23216,常滑市,トコナメシ,23,愛知県,soumu_main_R6_0101
23217,江南市,コウナンシ,23,愛知県,soumu_main_R6_0101
23219,小牧市,コマキシ,23,愛知県,soumu_main_R6_0101
23220,稲沢市,イナザワシ,23,愛知県,soumu_main_R6_0101
23221,新城市,シンシロシ,23,愛知県,soumu_main_R6_0101
23222,東海市,トウカイシ,23,愛知県,soumu_main_R6_0101
23223,大府市,オオブシ,23,愛知県,soumu_main_R6_0101
23224,知多市,チタシ,23,愛知県,soumu_main_R6_0101
23225,知立市,チリュウシ,23,愛知県,soumu_main_R6_0101
23226,尾張旭市,オワリアサヒシ,23,愛知県,soumu_main_R6_0101
23227,高浜市,タカハマシ,23,愛知県,soumu_main_R6_0101
23228,岩倉市,イワクラシ,23,愛知県,soumu_main_R6_0101
23229,豊明市,トヨアケシ,23,愛知県,soumu_main_R6_0101
23230,日進市,ニッシンシ,23,愛知県,soumu_main_R6_0101
23231,田原市,タハラシ,23,愛知県,soumu_main_R6_0101
23232,愛西市,アイサイシ,23,愛知県,soumu_main_R6_0101
23233,清須市,キヨスシ,23,愛知県,soumu_main_R6_0101
23234,北名古屋市,キタナゴヤシ,23,愛知県,soumu_main_R6_0101
23235,弥富市,ヤトミシ,23,愛知県,soumu_main_R6_0101
23236,みよし市,ミヨシシ,23,愛知県,soumu_main_R6_0101
23237,あま市,アマシ,23,愛知県,soumu_main_R6_0101
23238,長久手市,ナガクテシ,23,愛知県,soumu_main_R6_0101
23302,東郷町,トウゴウチョウ,23,愛知県,soumu_main_R6_0101
23342,豊山町,トヨヤマチョウ,23,愛知県,soumu_main_R6_0101
23361,大口町,オオグチチョウ,23,愛知県,soumu_main_R6_0101
23362,扶桑町,フソウチョウ,23,愛知県,soumu_main_R6_0101
23424,大治町,オオハルチョウ,23,愛知県,soumu_main_R6_0101
23425,蟹江町,カニエチョウ,23,愛知県,soumu_main_R6_0101
23427,飛島村,トビシマムラ,23,愛知県,soumu_main_R6_0101
23441,阿久比町,アグイチョウ,23,愛知県,soumu_main_R6_0101
23442,東浦町,ヒガシウラチョウ,23,愛知県,soumu_main_R6_0101
23445,南知多町,ミナミチタチョウ,23,愛知県,soumu_main_R6_0101
23446,美浜町,ミハマチョウ,23,愛知県,soumu_main_R6_0101
23447,武豊町,タケトヨチョウ,23,愛知県,soumu_main_R6_0101
23501,幸田町,コウタチョウ,23,愛知県,soumu_main_R6_0101
23561,設楽町,シタラチョウ,23,愛知県,soumu_main_R6_0101
23562,東栄町,トウエイチョウ,23,愛知県,soumu_main_R6_0101
23563,豊根村,トヨネムラ,23,愛知県,soumu_main_R6_0101
24201,津市,ツシ,24,三重県,soumu_main_R6_0101
24202,四日市市,ヨッカイチシ,24,三重県,soumu_main_R6_0101
24203,伊勢市,イセシ,24,三重県,soumu_main_R6_0101
24204,松阪市,マツサカシ,24,三重県,soumu_main_R6_0101
24205,桑名市,クワナシ,24,三重県,soumu_main_R6_0101
24207,鈴鹿市,スズカシ,24,三重県,soumu_main_R6_0101
24208,名張市,ナバリシ,24,三重県,soumu_main_R6_0101
24209,尾鷲市,オワセシ,24,三重県,soumu_main_R6_0101
24210,亀山市,カメヤマシ,24,三重県,soumu_main_R6_0101
24211,鳥羽市,トバシ,24,三重県,soumu_main_R6_0101
24212,熊野市,クマノシ,24,三重県,soumu_main_R6_0101
24214,いなべ市,イナベシ,24,三重県,soumu_main_R6_0101
24215,志摩市,シマシ,24,三重県,soumu_main_R6_0101
24216,伊賀市,イガシ,24,三重県,soumu_main_R6_0101
24303,木曽岬町,キソサキチョウ,24,三重県,soumu_main_R6_0101
24324,東員町,トウインチョウ,24,三重県,soumu_main_R6_0101
24341,菰野町,コモノチョウ,24,三重県,soumu_main_R6_0101
24343,朝日町,アサヒチョウ,24,三重県,soumu_main_R6_0101
24344,川越町,カワゴエチョウ,24,三重県,soumu_main_R6_0101
24441,多気町,タキチョウ,24,三重県,soumu_main_R6_0101
24442,明和町,メイワチョウ,24,三重県,soumu_main_R6_0101
24443,大台町,オオダイチョウ,24,三重県,soumu_main_R6_0101
24461,玉城町,タマキチョウ,24,三重県,soumu_main_R6_0101
24470,度会町,ワタライチョウ,24,三重県,soumu_main_R6_0101
24471,大紀町,タイキチョウ,24,三重県,soumu_main_R6_0101
24472,南伊勢町,ミナミイセチョウ,24,三重県,soumu_main_R6_0101
24543,紀北町,キホクチョウ,24,三重県,soumu_main_R6_0101
24561,御浜町,ミハマチョウ,24,三重県,soumu_main_R6_0101
24562,紀宝町,キホウチョウ,24,三重県,soumu_main_R6_0101
25201,大津市,オオツシ,25,滋賀県,soumu_main_R6_0101
25202,彦根市,ヒコネシ,25,滋賀県,soumu_main_R6_0101
25203,長浜市,ナガハマシ,25,滋賀県,soumu_main_R6_0101
25204,近江八幡市,オウミハチマンシ,25,滋賀県,soumu_main_R6_0101
25206,草津市,クサツシ,25,滋賀県,soumu_main_R6_0101
25207,守山市,モリヤマシ,25,滋賀県,soumu_main_R6_0101
25208,栗東市,リットウシ,25,滋賀県,soumu_main_R6_0101
25209,甲賀市,コウカシ,25,滋賀県,soumu_main_R6_0101
25210,野洲市,ヤスシ,25,滋賀県,soumu_main_R6_0101
25211,湖南市,コナンシ,25,滋賀県,soumu_main_R6_0101
25212,高島市,タカシマシ,25,滋賀県,soumu_main_R6_0101
25213,東近江市,ヒガシオウミシ,25,滋賀県,soumu_main_R6_0101
25214,米原市,マイバラシ,25,滋賀県,soumu_main_R6_0101
25383,日野町,ヒノチョウ,25,滋賀県,soumu_main_R6_0101
25384,竜王町,リユウオウチョウ,25,滋賀県,soumu_main_R6_0101
25425,愛荘町,アイショウチョウ,25,滋賀県,soumu_main_R6_0101
25441,豊郷町,トヨサトチョウ,25,滋賀県,soumu_main_R6_0101
25442,甲良町,コウラチョウ,25,滋賀県,soumu_main_R6_0101
25443,多賀町,タガチョウ,25,滋賀県,soumu_main_R6_0101
26100,京都市,キョウトシ,26,京都府,soumu_main_R6_0101
26101,北区,キタク,26,京都府,soumu_main_R6_0101
26102,上京区,カミギョウク,26,京都府,soumu_main_R6_0101
26103,左京区,サキョウク,26,京都府,soumu_main_R6_0101
26104,中京区,ナカギョウク,26,京都府,soumu_main_R6_0101
26105,東山区,ヒガシヤマク,26,京都府,soumu_main_R6_0101
26106,下京区,シモギョウク,26,京都府,soumu_main_R6_0101
26107,南区,ミナミク,26,京都府,soumu_main_R6_0101
26108,右京区,ウキョウク,26,京都府,soumu_main_R6_0101
26109,伏見区,フシミク,26,京都府,soumu_main_R6_0101
26110,山科区,ヤマシナク,26,京都府,soumu_main_R6_0101
26111,西京区,ニシキョウク,26,京都府,soumu_main_R6_0101
26201,福知山市,フクチヤマシ,26,京都府,soumu_main_R6_0101
26202,舞鶴市,マイヅルシ,26,京都府,soumu_main_R6_0101
26203,綾部市,アヤベシ,26,京都府,soumu_main_R6_0101
26204,宇治市,ウジシ,26,京都府,soumu_main_R6_0101
26205,宮津市,ミヤヅシ,26,京都府,soumu_main_R6_0101
26206,亀岡市,カメオカシ,26,京都府,soumu_main_R6_0101
26207,城陽市,ジョウヨウシ,26,京都府,soumu_main_R6_0101
26208,向日市,ムコウシ,26,京都府,soumu_main_R6_0101
26209,長岡京市,ナガオカキョウシ,26,京都府,soumu_main_R6_0101
26210,八幡市,ヤワタシ,26,京都府,soumu_main_R6_0101
26211,京田辺市,キョウタナベシ,26,京都府,soumu_main_R6_0101
26212,京丹後市,キョウタンゴシ,26,京都府,soumu_main_R6_0101
26213,南丹市,ナンタンシ,26,京都府,soumu_main_R6_0101
26214,木津川市,キヅガワシ,26,京都府,soumu_main_R6_0101
26303,大山崎町,オオヤマザキチョウ,26,京都府,soumu_main_R6_0101
26322,久御山町,クミヤマチョウ,26,京都府,soumu_main_R6_0101
26343,井手町,イデチョウ,26,京都府,soumu_main_R6_0101
26344,宇治田原町,ウジタワラチョウ,26,京都府,soumu_main_R6_0101
26364,笠置町,カサギチョウ,26,京都府,soumu_main_R6_0101
26365,和束町,ワヅカチョウ,26,京都府,soumu_main_R6_0101
26366,精華町,セイカチョウ,26,京都府,soumu_main_R6_0101
26367,南山城村,ミナミヤマシロムラ,26,京都府,soumu_main_R6_0101
26407,京丹波町,キョウタンバチョウ,26,京都府,soumu_main_R6_0101
26463,伊根町,イネチョウ,26,京都府,soumu_main_R6_0101
26465,与謝野町,ヨサノチョウ,26,京都府,soumu_main_R6_0101
27100,大阪市,オオサカシ,27,大阪府,soumu_main_R6_0101
27102,都島区,ミヤコジマク,27,大阪府,soumu_main_R6_0101
27103,福島区,フクシマク,27,大阪府,soumu_main_R6_0101
27104,此花区,コノハナク,27,大阪府,soumu_main_R6_0101
27106,西区,ニシク,27,大阪府,soumu_main_R6_0101
27107,港区,ミナトク,27,大阪府,soumu_main_R6_0101
27108,大正区,タイショウク,27,大阪府,soumu_main_R6_0101
27109,天王寺区,テンノウジク,27,大阪府,soumu_main_R6_0101
27111,浪速区,ナニワク,27,大阪府,soumu_main_R6_0101
27113,西淀川区,ニシヨドガワク,27,大阪府,soumu_main_R6_0101
27114,東淀川区,ヒガシヨドガワク,27,大阪府,soumu_main_R6_0101
27115,東成区,ヒガシナリク,27,大阪府,soumu_main_R6_0101
27116,生野区,イクノク,27,大阪府,soumu_main_R6_0101
27117,旭区,アサヒク,27,大阪府,soumu_main_R6_0101
27118,城東区,ジョウトウク,27,大阪府,soumu_main_R6_0101
27119,阿倍野区,アベノク,27,大阪府,soumu_main_R6_0101
27120,住吉区,スミヨシク,27,大阪府,soumu_main_R6_0101
27121,東住吉区,ヒガシスミヨシク,27,大阪府,soumu_main_R6_0101
27122,西成区,ニシナリク,27,大阪府,soumu_main_R6_0101
27123,淀川区,ヨドガワク,27,大阪府,soumu_main_R6_0101
27124,鶴見区,ツルミク,27,大阪府,soumu_main_R6_0101
27125,住之江区,スミノエク,27,大阪府,soumu_main_R6_0101
27126,平野区,ヒラノク,27,大阪府,soumu_main_R6_0101
27127,北区,キタク,27,大阪府,soumu_main_R6_0101
27128,中央区,チュウオウク,27,大阪府,soumu_main_R6_0101
27140,堺市,サカイシ,27,大阪府,soumu_main_R6_0101
27141,堺区,サカイク,27,大阪府,soumu_main_R6_0101
27142,中区,ナカク,27,大阪府,soumu_main_R6_0101
27143,東区,ヒガシク,27,大阪府,soumu_main_R6_0101
27144,西区,ニシク,27,大阪府,soumu_main_R6_0101
27145,南区,ミナミク,27,大阪府,soumu_main_R6_0101
27146,北区,キタク,27,大阪府,soumu_main_R6_0101
27147,美原区,ミハラク,27,大阪府,soumu_main_R6_0101
27202,岸和田市,キシワダシ,27,大阪府,soumu_main_R6_0101
27203,豊中市,トヨナカシ,27,大阪府,soumu_main_R6_0101
27204,池田市,イケダシ,27,大阪府,soumu_main_R6_0101
27205,吹田市,スイタシ,27,大阪府,soumu_main_R6_0101
27206,泉大津市,イズミオオツシ,27,大阪府,soumu_main_R6_0101
27207,高槻市,タカツキシ,27,大阪府,soumu_main_R6_0101
27208,貝塚市,カイヅカシ,27,大阪府,soumu_main_R6_0101
27209,守口市,モリグチシ,27,大阪府,soumu_main_R6_0101
27210,枚方市,ヒラカタシ,27,大阪府,soumu_main_R6_0101
27211,茨木市,イバラキシ,27,大阪府,soumu_main_R6_0101
27212,八尾市,ヤオシ,27,大阪府,soumu_main_R6_0101
27213,泉佐野市,イズミサノシ,27,大阪府,soumu_main_R6_0101
27214,富田林市,トンダバヤシシ,27,大阪府,soumu_main_R6_0101
27215,寝屋川市,ネヤガワシ,27,大阪府,soumu_main_R6_0101
27216,河内長野市,カワチナガノシ,27,大阪府,soumu_main_R6_0101
27217,松原市,マツバラシ,27,大阪府,soumu_main_R6_0101
27218,大東市,ダイトウシ,27,大阪府,soumu_main_R6_0101
27219,和泉市,イズミシ,27,大阪府,soumu_main_R6_0101
27220,箕面市,ミノオシ,27,大阪府,soumu_main_R6_0101
27221,柏原市,カシワラシ,27,大阪府,soumu_main_R6_0101
27222,羽曳野市,ハビキノシ,27,大阪府,soumu_main_R6_0101
27223,門真市,カドマシ,27,大阪府,soumu_main_R6_0101
27224,摂津市,セッツシ,27,大阪府,soumu_main_R6_0101
27225,高石市,タカイシシ,27,大阪府,soumu_main_R6_0101
27226,藤井寺市,フジイデラシ,27,大阪府,soumu_main_R6_0101
27227,東大阪市,ヒガシオオサカシ,27,大阪府,soumu_main_R6_0101
27228,泉南市,センナンシ,27,大阪府,soumu_main_R6_0101
27229,四條畷市,シジヨウナワテシ,27,大阪府,soumu_main_R6_0101
27230,交野市,カタノシ,27,大阪府,soumu_main_R6_0101
27231,大阪狭山市,オオサカサヤマシ,27,大阪府,soumu_main_R6_0101
27232,阪南市,ハンナンシ,27,大阪府,soumu_main_R6_0101
27301,島本町,シマモトチョウ,27,大阪府,soumu_main_R6_0101
27321,豊能町,トヨノチョウ,27,大阪府,soumu_main_R6_0101
27322,能勢町,ノセチョウ,27,大阪府,soumu_main_R6_0101
27341,忠岡町,タダオカチョウ,27,大阪府,soumu_main_R6_0101
27361,熊取町,クマトリチョウ,27,大阪府,soumu_main_R6_0101
27362,田尻町,タジリチョウ,27,大阪府,soumu_main_R6_0101
27366,岬町,ミサキチョウ,27,大阪府,soumu_main_R6_0101
27381,太子町,タイシチョウ,27,大阪府,soumu_main_R6_0101
27382,河南町,カナンチョウ,27,大阪府,soumu_main_R6_0101
27383,千早赤阪村,チハヤアカサカムラ,27,大阪府,soumu_main_R6_0101
28100,神戸市,コウベシ,28,兵庫県,soumu_main_R6_0101
28101,東灘区,ヒガシナダク,28,兵庫県,soumu_main_R6_0101
28102,灘区,ナダク,28,兵庫県,soumu_main_R6_0101
28105,兵庫区,ヒョウゴク,28,兵庫県,soumu_main_R6_0101
28106,長田区,ナガタク,28,兵庫県,soumu_main_R6_0101
28107,須磨区,スマク,28,兵庫県,soumu_main_R6_0101
28108,垂水区,タルミク,28,兵庫県,soumu_main_R6_0101
28109,北区,キタク,28,兵庫県,soumu_main_R6_0101
28110,中央区,チュウオウク,28,兵庫県,soumu_main_R6_0101
28111,西区,ニシク,28,兵庫県,soumu_main_R6_0101
28201,姫路市,ヒメジシ,28,兵庫県,soumu_main_R6_0101
28202,尼崎市,アマガサキシ,28,兵庫県,soumu_main_R6_0101
28203,明石市,アカシシ,28,兵庫県,soumu_main_R6_0101
28204,西宮市,ニシノミヤシ,28,兵庫県,soumu_main_R6_0101
28205,洲本市,スモトシ,28,兵庫県,soumu_main_R6_0101
28206,芦屋市,アシヤシ,28,兵庫県,soumu_main_R6_0101
28207,伊丹市,イタミシ,28,兵庫県,soumu_main_R6_0101
28208,相生市,アイオイシ,28,兵庫県,soumu_main_R6_0101
28209,豊岡市,トヨオカシ,28,兵庫県,soumu_main_R6_0101
28210,加古川市,カコガワシ,28,兵庫県,soumu_main_R6_0101
28212,赤穂市,アコウシ,28,兵庫県,soumu_main_R6_0101
28213,西脇市,ニシワキシ,28,兵庫県,soumu_main_R6_0101
28214,宝塚市,タカラヅカシ,28,兵庫県,soumu_main_R6_0101
28215,三木市,ミキシ,28,兵庫県,soumu_main_R6_0101
28216,高砂市,タカサゴシ,28,兵庫県,soumu_main_R6_0101
28217,川西市,カワニシシ,28,兵庫県,soumu_main_R6_0101
28218,小野市,オノシ,28,兵庫県,soumu_main_R6_0101
28219,三田市,サンダシ,28,兵庫県,soumu_main_R6_0101
28220,加西市,カサイシ,28,兵庫県,soumu_main_R6_0101
28221,丹波篠山市,タンバササヤマシ,28,兵庫県,soumu_main_R6_0101
28222,養父市,ヤブシ,28,兵庫県,soumu_main_R6_0101
28223,丹波市,タンバシ,28,兵庫県,soumu_main_R6_0101
28224,南あわじ市,ミナミアワジシ,28,兵庫県,soumu_main_R6_0101
28225,朝来市,アサゴシ,28,兵庫県,soumu_main_R6_0101
28226,淡路市,アワジシ,28,兵庫県,soumu_main_R6_0101
28227,宍粟市,シソウシ,28,兵庫県,soumu_main_R6_0101
28228,加東市,カトウシ,28,兵庫県,soumu_main_R6_0101
28229,たつの市,タツノシ,28,兵庫県,soumu_main_R6_0101
28301,猪名川町,イナガワチョウ,28,兵庫県,soumu_main_R6_0101
28365,多可町,タカチョウ,28,兵庫県,soumu_main_R6_0101
28381,稲美町,イナミチョウ,28,兵庫県,soumu_main_R6_0101
28382,播磨町,ハリマチョウ,28,兵庫県,soumu_main_R6_0101
28442,市川町,イチカワチョウ,28,兵庫県,soumu_main_R6_0101
28443,福崎町,フクサキチョウ,28,兵庫県,soumu_main_R6_0101
28446,神河町,カミカワチョウ,28,兵庫県,soumu_main_R6_0101
28464,太子町,タイシチョウ,28,兵庫県,soumu_main_R6_0101
28481,上郡町,カミゴオリチョウ,28,兵庫県,soumu_main_R6_0101
28501,佐用町,サヨウチョウ,28,兵庫県,soumu_main_R6_0101
28585,香美町,カミチョウ,28,兵庫県,soumu_main_R6_0101
28586,新温泉町,シンオンセンチョウ,28,兵庫県,soumu_main_R6_0101
29201,奈良市,ナラシ,29,奈良県,soumu_main_R6_0101
29202,大和高田市,ヤマトタカダシ,29,奈良県,soumu_main_R6_0101
29203,大和郡山市,ヤマトコオリヤマシ,29,奈良県,soumu_main_R6_0101
29204,天理市,テンリシ,29,奈良県,soumu_main_R6_0101
29205,橿原市,カシハラシ,29,奈良県,soumu_main_R6_0101
29206,桜井市,サクライシ,29,奈良県,soumu_main_R6_0101
29207,五條市,ゴジョウシ,29,奈良県,soumu_main_R6_0101
29208,御所市,ゴセシ,29,奈良県,soumu_main_R6_0101
29209,生駒市,イコマシ,29,奈良県,soumu_main_R6_0101
29210,香芝市,カシバシ,29,奈良県,soumu_main_R6_0101
29211,葛城市,カツラギシ,29,奈良県,soumu_main_R6_0101
29212,宇陀市,ウダシ,29,奈良県,soumu_main_R6_0101
29322,山添村,ヤマゾエムラ,29,奈良県,soumu_main_R6_0101
29342,平群町,ヘグリチョウ,29,奈良県,soumu_main_R6_0101
29343,三郷町,サンゴウチョウ,29,奈良県,soumu_main_R6_0101
29344,斑鳩町,イカルガチョウ,29,奈良県,soumu_main_R6_0101
29345,安堵町,アンドチョウ,29,奈良県,soumu_main_R6_0101
29361,川西町,カワニシチョウ,29,奈良県,soumu_main_R6_0101
29362,三宅町,ミヤケチョウ,29,奈良県,soumu_main_R6_0101
29363,田原本町,タワラモトチョウ,29,奈良県,soumu_main_R6_0101
29385,曽爾村,ソニムラ,29,奈良県,soumu_main_R6_0101
29386,御杖村,ミツエムラ,29,奈良県,soumu_main_R6_0101
29401,高取町,タカトリチョウ,29,奈良県,soumu_main_R6_0101
29402,明日香村,アスカムラ,29,奈良県,soumu_main_R6_0101
29424,上牧町,カンマキチョウ,29,奈良県,soumu_main_R6_0101
29425,王寺町,オウジチョウ,29,奈良県,soumu_main_R6_0101
29426,広陵町,コウリヨウチョウ,29,奈良県,soumu_main_R6_0101
29427,河合町,カワイチョウ,29,奈良県,soumu_main_R6_0101
29441,吉野町,ヨシノチョウ,29,奈良県,soumu_main_R6_0101
29442,大淀町,オオヨドチョウ,29,奈良県,soumu_main_R6_0101
29443,下市町,シモイチチョウ,29,奈良県,soumu_main_R6_0101
29444,黒滝村,クロタキムラ,29,奈良県,soumu_main_R6_0101
29446,天川村,テンカワムラ,29,奈良県,soumu_main_R6_0101
29447,野迫川村,ノセガワムラ,29,奈良県,soumu_main_R6_0101
29449,十津川村,トツカワムラ,29,奈良県,soumu_main_R6_0101
29450,下北山村,シモキタヤマムラ,29,奈良県,soumu_main_R6_0101
29451,上北山村,カミキタヤマムラ,29,奈良県,soumu_main_R6_0101
29452,川上村,カワカミムラ,29,奈良県,soumu_main_R6_0101
29453,東吉野村,ヒガシヨシノムラ,29,奈良県,soumu_main_R6_0101
30201,和歌山市,ワカヤマシ,30,和歌山県,soumu_main_R6_0101
30202,海南市,カイナンシ,30,和歌山県,soumu_main_R6_0101
30203,橋本市,ハシモトシ,30,和歌山県,soumu_main_R6_0101
30204,有田市,アリダシ,30,和歌山県,soumu_main_R6_0101
30205,御坊市,ゴボウシ,30,和歌山県,soumu_main_R6_0101
30206,田辺市,タナベシ,30,和歌山県,soumu_main_R6_0101
30207,新宮市,シングウシ,30,和歌山県,soumu_main_R6_0101
30208,紀の川市,キノカワシ,30,和歌山県,soumu_main_R6_0101
30209,岩出市,イワデシ,30,和歌山県,soumu_main_R6_0101
30304,紀美野町,キミノチョウ,30,和歌山県,soumu_main_R6_0101
30341,かつらぎ町,カツラギチョウ,30,和歌山県,soumu_main_R6_0101
30343,九度山町,クドヤマチョウ,30,和歌山県,soumu_main_R6_0101
30344,高野町,コウヤチョウ,30,和歌山県,soumu_main_R6_0101
30361,湯浅町,ユアサチョウ,30,和歌山県,soumu_main_R6_0101
30362,広川町,ヒロガワチョウ,30,和歌山県,soumu_main_R6_0101
30366,有田川町,アリダガワチョウ,30,和歌山県,soumu_main_R6_0101
30381,美浜町,ミハマチョウ,30,和歌山県,soumu_main_R6_0101
30382,日高町,ヒダカチョウ,30,和歌山県,soumu_main_R6_0101
30383,由良町,ユラチョウ,30,和歌山県,soumu_main_R6_0101
30390,印南町,イナミチョウ,30,和歌山県,soumu_main_R6_0101
30391,みなべ町,ミナベチョウ,30,和歌山県,soumu_main_R6_0101
30392,日高川町,ヒダカガワチョウ,30,和歌山県,soumu_main_R6_0101
30401,白浜町,シラハマチョウ,30,和歌山県,soumu_main_R6_0101
30404,上富田町,カミトンダチョウ,30,和歌山県,soumu_main_R6_0101
30406,すさみ町,スサミチョウ,30,和歌山県,soumu_main_R6_0101
30421,那智勝浦町,ナチカツウラチョウ,30,和歌山県,soumu_main_R6_0101
30422,太地町,タイジチョウ,30,和歌山県,soumu_main_R6_0101
30424,古座川町,コザガワチョウ,30,和歌山県,soumu_main_R6_0101
30427,北山村,キタヤマムラ,30,和歌山県,soumu_main_R6_0101
30428,串本町,クシモトチョウ,30,和歌山県,soumu_main_R6_0101
31201,鳥取市,トットリシ,31,鳥取県,soumu_main_R6_0101
31202,米子市,ヨナゴシ,31,鳥取県,soumu_main_R6_0101
31203,倉吉市,クラヨシシ,31,鳥取県,soumu_main_R6_0101
31204,境港市,サカイミナトシ,31,鳥取県,soumu_main_R6_0101
31302,岩美町,イワミチョウ,31,鳥取県,soumu_main_R6_0101
31325,若桜町,ワカサチョウ,31,鳥取県,soumu_main_R6_0101
31328,智頭町,チヅチョウ,31,鳥取県,soumu_main_R6_0101
31329,八頭町,ヤズチョウ,31,鳥取県,soumu_main_R6_0101
31364,三朝町,ミササチョウ,31,鳥取県,soumu_main_R6_0101
31370,湯梨浜町,ユリハマチョウ,31,鳥取県,soumu_main_R6_0101
31371,琴浦町,コトウラチョウ,31,鳥取県,soumu_main_R6_0101
31372,北栄町,ホクエイチョウ,31,鳥取県,soumu_main_R6_0101
31384,日吉津村,ヒエヅソン,31,鳥取県,soumu_main_R6_0101
31386,大山町,ダイセンチョウ,31,鳥取県,soumu_main_R6_0101
31389,南部町,ナンブチョウ,31,鳥取県,soumu_main_R6_0101
31390,伯耆町,ホウキチョウ,31,鳥取県,soumu_main_R6_0101
31401,日南町,ニチナンチョウ,31,鳥取県,soumu_main_R6_0101
31402,日野町,ヒノチョウ,31,鳥取県,soumu_main_R6_0101
31403,江府町,コウフチョウ,31,鳥取県,soumu_main_R6_0101
32201,松江市,マツエシ,32,島根県,soumu_main_R6_0101
32202,浜田市,ハマダシ,32,島根県,soumu_main_R6_0101
32203,出雲市,イズモシ,32,島根県,soumu_main_R6_0101
32204,益田市,マスダシ,32,島根県,soumu_main_R6_0101
32205,大田市,オオダシ,32,島根県,soumu_main_R6_0101
32206,安来市,ヤスギシ,32,島根県,soumu_main_R6_0101
32207,江津市,ゴウツシ,32,島根県,soumu_main_R6_0101
32209,雲南市,ウンナンシ,32,島根県,soumu_main_R6_0101
32343,奥出雲町,オクイズモチョウ,32,島根県,soumu_main_R6_0101
32386,飯南町,イイナンチョウ,32,島根県,soumu_main_R6_0101
32441,川本町,カワモトマチ,32,島根県,soumu_main_R6_0101
32448,美郷町,ミサトチョウ,32,島根県,soumu_main_R6_0101
32449,邑南町,オオナンチョウ,32,島根県,soumu_main_R6_0101
32501,津和野町,ツワノチョウ,32,島根県,soumu_main_R6_0101
32505,吉賀町,ヨシカチョウ,32,島根県,soumu_main_R6_0101
32525,海士町,アマチョウ,32,島根県,soumu_main_R6_0101
32526,西ノ島町,ニシノシマチョウ,32,島根県,soumu_main_R6_0101
32527,知夫村,チブムラ,32,島根県,soumu_main_R6_0101
32528,隠岐の島町,オキノシマチョウ,32,島根県,soumu_main_R6_0101
33100,岡山市,オカヤマシ,33,岡山県,soumu_main_R6_0101
33101,北区,キタク,33,岡山県,soumu_main_R6_0101
33102,中区,ナカク,33,岡山県,soumu_main_R6_0101
33103,東区,ヒガシク,33,岡山県,soumu_main_R6_0101
33104,南区,ミナミク,33,岡山県,soumu_main_R6_0101
33202,倉敷市,クラシキシ,33,岡山県,soumu_main_R6_0101
33203,津山市,ツヤマシ,33,岡山県,soumu_main_R6_0101
33204,玉野市,タマノシ,33,岡山県,soumu_main_R6_0101
33205,笠岡市,カサオカシ,33,岡山県,soumu_main_R6_0101
33207,井原市,イバラシ,33,岡山県,soumu_main_R6_0101
33208,総社市,ソウジヤシ,33,岡山県,soumu_main_R6_0101
33209,高梁市,タカハシシ,33,岡山県,soumu_main_R6_0101
33210,新見市,ニイミシ,33,岡山県,soumu_main_R6_0101
33211,備前市,ビゼンシ,33,岡山県,soumu_main_R6_0101
33212,瀬戸内市,セトウチシ,33,岡山県,soumu_main_R6_0101
33213,赤磐市,アカイワシ,33,岡山県,soumu_main_R6_0101
33214,真庭市,マニワシ,33,岡山県,soumu_main_R6_0101
33215,美作市,ミマサカシ,33,岡山県,soumu_main_R6_0101
33216,浅口市,アサクチシ,33,岡山県,soumu_main_R6_0101
33346,和気町,ワケチョウ,33,岡山県,soumu_main_R6_0101
33423,早島町,ハヤシマチョウ,33,岡山県,soumu_main_R6_0101
33445,里庄町,サトショウチョウ,33,岡山県,soumu_main_R6_0101
33461,矢掛町,ヤカゲチョウ,33,岡山県,soumu_main_R6_0101
33586,新庄村,シンジヨウソン,33,岡山県,soumu_main_R6_0101
33606,鏡野町,カガミノチョウ,33,岡山県,soumu_main_R6_0101
33622,勝央町,ショウオウチョウ,33,岡山県,soumu_main_R6_0101
33623,奈義町,ナギチョウ,33,岡山県,soumu_main_R6_0101
33643,西粟倉村,ニシアワクラソン,33,岡山県,soumu_main_R6_0101
33663,久米南町,クメナンチョウ,33,岡山県,soumu_main_R6_0101
33666,美咲町,ミサキチョウ,33,岡山県,soumu_main_R6_0101
33681,吉備中央町,キビチュウオウチョウ,33,岡山県,soumu_main_R6_0101
34100,広島市,ヒロシマシ,34,広島県,soumu_main_R6_0101
34101,中区,ナカク,34,広島県,soumu_main_R6_0101
34102,東区,ヒガシク,34,広島県,soumu_main_R6_0101
34103,南区,ミナミク,34,広島県,soumu_main_R6_0101
34104,西区,ニシク,34,広島県,soumu_main_R6_0101
34105,安佐南区,アサミナミク,34,広島県,soumu_main_R6_0101
34106,安佐北区,アサキタク,34,広島県,soumu_main_R6_0101
34107,安芸区,アキク,34,広島県,soumu_main_R6_0101
34108,佐伯区,サエキク,34,広島県,soumu_main_R6_0101
34202,呉市,クレシ,34,広島県,soumu_main_R6_0101
34203,竹原市,タケハラシ,34,広島県,soumu_main_R6_0101
34204,三原市,ミハラシ,34,広島県,soumu_main_R6_0101
34205,尾道市,オノミチシ,34,広島県,soumu_main_R6_0101
34207,福山市,フクヤマシ,34,広島県,soumu_main_R6_0101
34208,府中市,フチュウシ,34,広島県,soumu_main_R6_0101
34209,三次市,ミヨシシ,34,広島県,soumu_main_R6_0101
34210,庄原市,ショウバラシ,34,広島県,soumu_main_R6_0101
34211,大竹市,オオタケシ,34,広島県,soumu_main_R6_0101
34212,東広島市,ヒガシヒロシマシ,34,広島県,soumu_main_R6_0101
34213,廿日市市,ハツカイチシ,34,広島県,soumu_main_R6_0101
34214,安芸高田市,アキタカタシ,34,広島県,soumu_main_R6_0101
34215,江田島市,エタジマシ,34,広島県,soumu_main_R6_0101
34302,府中町,フチュウチョウ,34,広島県,soumu_main_R6_0101
34304,海田町,カイタチョウ,34,広島県,soumu_main_R6_0101
34307,熊野町,クマノチョウ,34,広島県,soumu_main_R6_0101
34309,坂町,サカチョウ,34,広島県,soumu_main_R6_0101
34368,安芸太田町,アキオオタチョウ,34,広島県,soumu_main_R6_0101
34369,北広島町,キタヒロシマチョウ,34,広島県,soumu_main_R6_0101
34431,大崎上島町,オオサキカミジマチョウ,34,広島県,soumu_main_R6_0101
34462,世羅町,セラチョウ,34,広島県,soumu_main_R6_0101
34545,神石高原町,ジンセキコウゲンチョウ,34,広島県,soumu_main_R6_0101
35201,下関市,シモノセキシ,35,山口県,soumu_main_R6_0101
35202,宇部市,ウベシ,35,山口県,soumu_main_R6_0101
35203,山口市,ヤマグチシ,35,山口県,soumu_main_R6_0101
35204,萩市,ハギシ,35,山口県,soumu_main_R6_0101
35206,防府市,ホウフシ,35,山口県,soumu_main_R6_0101
35207,下松市,クダマツシ,35,山口県,soumu_main_R6_0101
35208,岩国市,イワクニシ,35,山口県,soumu_main_R6_0101
35210,光市,ヒカリシ,35,山口県,soumu_main_R6_0101
35211,長門市,ナガトシ,35,山口県,soumu_main_R6_0101
35212,柳井市,ヤナイシ,35,山口県,soumu_main_R6_0101
35213,美祢市,ミネシ,35,山口県,soumu_main_R6_0101
35215,周南市,シュウナンシ,35,山口県,soumu_main_R6_0101
35216,山陽小野田市,サンヨウオノダシ,35,山口県,soumu_main_R6_0101
35305,周防大島町,スオウオオシマチョウ,35,山口県,soumu_main_R6_0101
35321,和木町,ワキチョウ,35,山口県,soumu_main_R6_0101
35341,上関町,カミノセキチョウ,35,山口県,soumu_main_R6_0101
35343,田布施町,タブセチョウ,35,山口県,soumu_main_R6_0101
35344,平生町,ヒラオチョウ,35,山口県,soumu_main_R6_0101
35502,阿武町,アブチョウ,35,山口県,soumu_main_R6_0101
36201,徳島市,トクシマシ,36,徳島県,soumu_main_R6_0101
36202,鳴門市,ナルトシ,36,徳島県,soumu_main_R6_0101
36203,小松島市,コマツシマシ,36,徳島県,soumu_main_R6_0101
36204,阿南市,アナンシ,36,徳島県,soumu_main_R6_0101
36205,吉野川市,ヨシノガワシ,36,徳島県,soumu_main_R6_0101
36206,阿波市,アワシ,36,徳島県,soumu_main_R6_0101
36207,美馬市,ミマシ,36,徳島県,soumu_main_R6_0101
36208,三好市,ミヨシシ,36,徳島県,soumu_main_R6_0101
36301,勝浦町,カツウラチョウ,36,徳島県,soumu_main_R6_0101
36302,上勝町,カミカツチョウ,36,徳島県,soumu_main_R6_0101
36321,佐那河内村,サナゴウチソン,36,徳島県,soumu_main_R6_0101
36341,石井町,イシイチョウ,36,徳島県,soumu_main_R6_0101
36342,神山町,カミヤマチョウ,36,徳島県,soumu_main_R6_0101
36368,那賀町,ナカチョウ,36,徳島県,soumu_main_R6_0101
36383,牟岐町,ムギチョウ,36,徳島県,soumu_main_R6_0101
36387,美波町,ミナミチョウ,36,徳島県,soumu_main_R6_0101
36388,海陽町,カイヨウチョウ,36,徳島県,soumu_main_R6_0101
36401,松茂町,マツシゲチョウ,36,徳島県,soumu_main_R6_0101
36402,北島町,キタジマチョウ,36,徳島県,soumu_main_R6_0101
36403,藍住町,アイズミチョウ,36,徳島県,soumu_main_R6_0101
36404,板野町,イタノチョウ,36,徳島県,soumu_main_R6_0101
36405,上板町,カミイタチョウ,36,徳島県,soumu_main_R6_0101
36468,つるぎ町,ツルギチョウ,36,徳島県,soumu_main_R6_0101
36489,東みよし町,ヒガシミヨシチョウ,36,徳島県,soumu_main_R6_0101
37201,高松市,タカマツシ,37,香川県,soumu_main_R6_0101
37202,丸亀市,マルガメシ,37,香川県,soumu_main_R6_0101
37203,坂出市,サカイデシ,37,香川県,soumu_main_R6_0101
37204,善通寺市,ゼンツウジシ,37,香川県,soumu_main_R6_0101
37205,観音寺市,カンオンジシ,37,香川県,soumu_main_R6_0101
37206,さぬき市,サヌキシ,37,香川県,soumu_main_R6_0101
37207,東かがわ市,ヒガシカガワシ,37,香川県,soumu_main_R6_0101
37208,三豊市,ミトヨシ,37,香川県,soumu_main_R6_0101
37322,土庄町,トノショウチョウ,37,香川県,soumu_main_R6_0101
37324,小豆島町,ショウドシマチョウ,37,香川県,soumu_main_R6_0101
37341,三木町,ミキチョウ,37,香川県,soumu_main_R6_0101
37364,直島町,ナオシマチョウ,37,香川県,soumu_main_R6_0101
37386,宇多津町,ウタヅチョウ,37,香川県,soumu_main_R6_0101
37387,綾川町,アヤガワチョウ,37,香川県,soumu_main_R6_0101
37403,琴平町,コトヒラチョウ,37,香川県,soumu_main_R6_0101
37404,多度津町,タドツチョウ,37,香川県,soumu_main_R6_0101
37406,まんのう町,マンノウチョウ,37,香川県,soumu_main_R6_0101
38201,松山市,マツヤマシ,38,愛媛県,soumu_main_R6_0101
38202,今治市,イマバリシ,38,愛媛県,soumu_main_R6_0101
38203,宇和島市,ウワジマシ,38,愛媛県,soumu_main_R6_0101
38204,八幡浜市,ヤワタハマシ,38,愛媛県,soumu_main_R6_0101
38205,新居浜市,ニイハマシ,38,愛媛県,soumu_main_R6_0101
38206,西条市,サイジョウシ,38,愛媛県,soumu_main_R6_0101
38207,大洲市,オオズシ,38,愛媛県,soumu_main_R6_0101
38210,伊予市,イヨシ,38,愛媛県,soumu_main_R6_0101
38213,四国中央市,シコクチュウオウシ,38,愛媛県,soumu_main_R6_0101
38214,西予市,セイヨシ,38,愛媛県,soumu_main_R6_0101
38215,東温市,トウオンシ,38,愛媛県,soumu_main_R6_0101
38356,上島町,カミジマチョウ,38,愛媛県,soumu_main_R6_0101
38386,久万高原町,クマコウゲンチョウ,38,愛媛県,soumu_main_R6_0101
38401,松前町,マサキチョウ,38,愛媛県,soumu_main_R6_0101
38402,砥部町,トベチョウ,38,愛媛県,soumu_main_R6_0101
38422,内子町,ウチコチョウ,38,愛媛県,soumu_main_R6_0101
38442,伊方町,イカタチョウ,38,愛媛県,soumu_main_R6_0101
38484,松野町,マツノチョウ,38,愛媛県,soumu_main_R6_0101
38488,鬼北町,キホクチョウ,38,愛媛県,soumu_main_R6_0101
38506,愛南町,アイナンチョウ,38,愛媛県,soumu_main_R6_0101
39201,高知市,コウチシ,39,高知県,soumu_main_R6_0101
39202,室戸市,ムロトシ,39,高知県,soumu_main_R6_0101
39203,安芸市,アキシ,39,高知県,soumu_main_R6_0101
39204,南国市,ナンコクシ,39,高知県,soumu_main_R6_0101
39205,土佐市,トサシ,39,高知県,soumu_main_R6_0101
39206,須崎市,スサキシ,39,高知県,soumu_main_R6_0101
39208,宿毛市,スクモシ,39,高知県,soumu_main_R6_0101
39209,土佐清水市,トサシミズシ,39,高知県,soumu_main_R6_0101
39210,四万十市,シマントシ,39,高知県,soumu_main_R6_0101
39211,香南市,コウナンシ,39,高知県,soumu_main_R6_0101
39212,香美市,カミシ,39,高知県,soumu_main_R6_0101
39301,東洋町,トウヨウチョウ,39,高知県,soumu_main_R6_0101
39302,奈半利町,ナハリチョウ,39,高知県,soumu_main_R6_0101
39303,田野町,タノチョウ,39,高知県,soumu_main_R6_0101
39304,安田町,ヤスダチョウ,39,高知県,soumu_main_R6_0101
39305,北川村,キタガワムラ,39,高知県,soumu_main_R6_0101
39306,馬路村,ウマジムラ,39,高知県,soumu_main_R6_0101
39307,芸西村,ゲイセイムラ,39,高知県,soumu_main_R6_0101
39341,本山町,モトヤマチョウ,39,高知県,soumu_main_R6_0101
39344,大豊町,オオトヨチョウ,39,高知県,soumu_main_R6_0101
39363,土佐町,トサチョウ,39,高知県,soumu_main_R6_0101
39364,大川村,オオカワムラ,39,高知県,soumu_main_R6_0101
39386,いの町,イノチョウ,39,高知県,soumu_main_R6_0101
39387,仁淀川町,ニヨドガワチョウ,39,高知県,soumu_main_R6_0101
39401,中土佐町,ナカトサチョウ,39,高知県,soumu_main_R6_0101
39402,佐川町,サカワチョウ,39,高知県,soumu_main_R6_0101
39403,越知町,オチチョウ,39,高知県,soumu_main_R6_0101
39405,梼原町,ユスハラチョウ,39,高知県,soumu_main_R6_0101
39410,日高村,ヒダカムラ,39,高知県,soumu_main_R6_0101
39411,津野町,ツノチョウ,39,高知県,soumu_main_R6_0101
39412,四万十町,シマントチョウ,39,高知県,soumu_main_R6_0101
39424,大月町,オオツキチョウ,39,高知県,soumu_main_R6_0101
39427,三原村,ミハラムラ,39,高知県,soumu_main_R6_0101
39428,黒潮町,クロシオチョウ,39,高知県,soumu_main_R6_0101
40100,北九州市,キタキュウシュウシ,40,福岡県,soumu_main_R6_0101
40101,門司区,モジク,40,福岡県,soumu_main_R6_0101
40103,若松区,ワカマツク,40,福岡県,soumu_main_R6_0101
40105,戸畑区,トバタク,40,福岡県,soumu_main_R6_0101
40106,小倉北区,コクラキタク,40,福岡県,soumu_main_R6_0101
40107,小倉南区,コクラミナミク,40,福岡県,soumu_main_R6_0101
40108,八幡東区,ヤハタヒガシク,40,福岡県,soumu_main_R6_0101
40109,八幡西区,ヤハタニシク,40,福岡県,soumu_main_R6_0101
40130,福岡市,フクオカシ,40,福岡県,soumu_main_R6_0101
40131,東区,ヒガシク,40,福岡県,soumu_main_R6_0101
40132,博多区,ハカタク,40,福岡県,soumu_main_R6_0101
40133,中央区,チュウオウク,40,福岡県,soumu_main_R6_0101
40134,南区,ミナミク,40,福岡県,soumu_main_R6_0101
40135,西区,ニシク,40,福岡県,soumu_main_R6_0101
40136,城南区,ジョウナンク,40,福岡県,soumu_main_R6_0101
40137,早良区,サワラク,40,福岡県,soumu_main_R6_0101
40202,大牟田市,オオムタシ,40,福岡県,soumu_main_R6_0101
40203,久留米市,クルメシ,40,福岡県,soumu_main_R6_0101
40204,直方市,ノオガタシ,40,福岡県,soumu_main_R6_0101
40205,飯塚市,イイヅカシ,40,福岡県,soumu_main_R6_0101
40206,田川市,タガワシ,40,福岡県,soumu_main_R6_0101
40207,柳川市,ヤナガワシ,40,福岡県,soumu_main_R6_0101
40210,八女市,ヤメシ,40,福岡県,soumu_main_R6_0101
40211,筑後市,チクゴシ,40,福岡県,soumu_main_R6_0101
40212,大川市,オオカワシ,40,福岡県,soumu_main_R6_0101
40213,行橋市,ユクハシシ,40,福岡県,soumu_main_R6_0101
40214,豊前市,ブゼンシ,40,福岡県,soumu_main_R6_0101
40215,中間市,ナカマシ,40,福岡県,soumu_main_R6_0101
40216,小郡市,オゴオリシ,40,福岡県,soumu_main_R6_0101
40217,筑紫野市,チクシノシ,40,福岡県,soumu_main_R6_0101
40218,春日市,カスガシ,40,福岡県,soumu_main_R6_0101
40219,大野城市,オオノジョウシ,40,福岡県,soumu_main_R6_0101
40220,宗像市,ムナカタシ,40,福岡県,soumu_main_R6_0101
40221,太宰府市,ダザイフシ,40,福岡県,soumu_main_R6_0101
40223,古賀市,コガシ,40,福岡県,soumu_main_R6_0101
40224,福津市,フクツシ,40,福岡県,soumu_main_R6_0101
40225,うきは市,ウキハシ,40,福岡県,soumu_main_R6_0101
40226,宮若市,ミヤワカシ,40,福岡県,soumu_main_R6_0101
40227,嘉麻市,カマシ,40,福岡県,soumu_main_R6_0101
40228,朝倉市,アサクラシ,40,福岡県,soumu_main_R6_0101
40229,みやま市,ミヤマシ,40,福岡県,soumu_main_R6_0101
40230,糸島市,イトシマシ,40,福岡県,soumu_main_R6_0101
40231,那珂川市,ナカガワシ,40,福岡県,soumu_main_R6_0101
40341,宇美町,ウミマチ,40,福岡県,soumu_main_R6_0101
40342,篠栗町,ササグリマチ,40,福岡県,soumu_main_R6_0101
40343,志免町,シメマチ,40,福岡県,soumu_main_R6_0101
40344,須恵町,スエマチ,40,福岡県,soumu_main_R6_0101
40345,新宮町,シングウマチ,40,福岡県,soumu_main_R6_0101
40348,久山町,ヒサヤママチ,40,福岡県,soumu_main_R6_0101
40349,粕屋町,カスヤマチ,40,福岡県,soumu_main_R6_0101
40381,芦屋町,アシヤマチ,40,福岡県,soumu_main_R6_0101
40382,水巻町,ミズマキマチ,40,福岡県,soumu_main_R6_0101
40383,岡垣町,オカガキマチ,40,福岡県,soumu_main_R6_0101
40384,遠賀町,オンガチョウ,40,福岡県,soumu_main_R6_0101
40401,小竹町,コタケマチ,40,福岡県,soumu_main_R6_0101
40402,鞍手町,クラテマチ,40,福岡県,soumu_main_R6_0101
40421,桂川町,ケイセンマチ,40,福岡県,soumu_main_R6_0101
40447,筑前町,チクゼンマチ,40,福岡県,soumu_main_R6_0101
40448,東峰村,トウホウムラ,40,福岡県,soumu_main_R6_0101
40503,大刀洗町,タチアライマチ,40,福岡県,soumu_main_R6_0101
40522,大木町,オオキマチ,40,福岡県,soumu_main_R6_0101
40544,広川町,ヒロカワマチ,40,福岡県,soumu_main_R6_0101
40601,香春町,カワラマチ,40,福岡県,soumu_main_R6_0101
40602,添田町,ソエダマチ,40,福岡県,soumu_main_R6_0101
40604,糸田町,イトダマチ,40,福岡県,soumu_main_R6_0101
40605,川崎町,カワサキマチ,40,福岡県,soumu_main_R6_0101
40608,大任町,オオトウマチ,40,福岡県,soumu_main_R6_0101
40609,赤村,アカムラ,40,福岡県,soumu_main_R6_0101
40610,福智町,フクチマチ,40,福岡県,soumu_main_R6_0101
40621,苅田町,カンダマチ,40,福岡県,soumu_main_R6_0101
40625,みやこ町,ミヤコマチ,40,福岡県,soumu_main_R6_0101
40642,吉富町,ヨシトミマチ,40,福岡県,soumu_main_R6_0101
40646,上毛町,コウゲマチ,40,福岡県,soumu_main_R6_0101
40647,築上町,チクジョウマチ,40,福岡県,soumu_main_R6_0101
41201,佐賀市,サガシ,41,佐賀県,soumu_main_R6_0101
41202,唐津市,カラツシ,41,佐賀県,soumu_main_R6_0101
41203,鳥栖市,トスシ,41,佐賀県,soumu_main_R6_0101
41204,多久市,タクシ,41,佐賀県,soumu_main_R6_0101
41205,伊万里市,イマリシ,41,佐賀県,soumu_main_R6_0101
41206,武雄市,タケオシ,41,佐賀県,soumu_main_R6_0101
41207,鹿島市,カシマシ,41,佐賀県,soumu_main_R6_0101
41208,小城市,オギシ,41,佐賀県,soumu_main_R6_0101
41209,嬉野市,ウレシノシ,41,佐賀県,soumu_main_R6_0101
41210,神埼市,カンザキシ,41,佐賀県,soumu_main_R6_0101
41327,吉野ヶ里町,ヨシノガリチョウ,41,佐賀県,soumu_main_R6_0101
41341,基山町,キヤマチョウ,41,佐賀県,soumu_main_R6_0101
41345,上峰町,カミミネチョウ,41,佐賀県,soumu_main_R6_0101
41346,みやき町,ミヤキチョウ,41,佐賀県,soumu_main_R6_0101
41387,玄海町,ゲンカイチョウ,41,佐賀県,soumu_main_R6_0101
41401,有田町,アリタチョウ,41,佐賀県,soumu_main_R6_0101
41423,大町町,オオマチチョウ,41,佐賀県,soumu_main_R6_0101
41424,江北町,コウホクマチ,41,佐賀県,soumu_main_R6_0101
41425,白石町,シロイシチョウ,41,佐賀県,soumu_main_R6_0101
41441,太良町,タラチョウ,41,佐賀県,soumu_main_R6_0101
42201,長崎市,ナガサキシ,42,長崎県,soumu_main_R6_0101
42202,佐世保市,サセボシ,42,長崎県,soumu_main_R6_0101
42203,島原市,シマバラシ,42,長崎県,soumu_main_R6_0101
42204,諫早市,イサハヤシ,42,長崎県,soumu_main_R6_0101
42205,大村市,オオムラシ,42,長崎県,soumu_main_R6_0101
42207,平戸市,ヒラドシ,42,長崎県,soumu_main_R6_0101
42208,松浦市,マツウラシ,42,長崎県,soumu_main_R6_0101
42209,対馬市,ツシマシ,42,長崎県,soumu_main_R6_0101
42210,壱岐市,イキシ,42,長崎県,soumu_main_R6_0101
42211,五島市,ゴトウシ,42,長崎県,soumu_main_R6_0101
42212,西海市,サイカイシ,42,長崎県,soumu_main_R6_0101
42213,雲仙市,ウンゼンシ,42,長崎県,soumu_main_R6_0101
42214,南島原市,ミナミシマバラシ,42,長崎県,soumu_main_R6_0101
42307,長与町,ナガヨチョウ,42,長崎県,soumu_main_R6_0101
42308,時津町,トギツチョウ,42,長崎県,soumu_main_R6_0101
42321,東彼杵町,ヒガシソノギチョウ,42,長崎県,soumu_main_R6_0101
42322,川棚町,カワタナチョウ,42,長崎県,soumu_main_R6_0101
42323,波佐見町,ハサミチョウ,42,長崎県,soumu_main_R6_0101
42383,小値賀町,オヂカチョウ,42,長崎県,soumu_main_R6_0101
42391,佐々町,サザチョウ,42,長崎県,soumu_main_R6_0101
42411,新上五島町,シンカミゴトウチョウ,42,長崎県,soumu_main_R6_0101
43100,熊本市,クマモトシ,43,熊本県,soumu_main_R6_0101
43101,中央区,チュウオウク,43,熊本県,soumu_main_R6_0101
43102,東区,ヒガシク,43,熊本県,soumu_main_R6_0101
43103,西区,ニシク,43,熊本県,soumu_main_R6_0101
43104,南区,ミナミク,43,熊本県,soumu_main_R6_0101
43105,北区,キタク,43,熊本県,soumu_main_R6_0101
43202,八代市,ヤツシロシ,43,熊本県,soumu_main_R6_0101
43203,人吉市,ヒトヨシシ,43,熊本県,soumu_main_R6_0101
43204,荒尾市,アラオシ,43,熊本県,soumu_main_R6_0101
43205,水俣市,ミナマタシ,43,熊本県,soumu_main_R6_0101
43206,玉名市,タマナシ,43,熊本県,soumu_main_R6_0101
43208,山鹿市,ヤマガシ,43,熊本県,soumu_main_R6_0101
43210,菊池市,キクチシ,43,熊本県,soumu_main_R6_0101
43211,宇土市,ウトシ,43,熊本県,soumu_main_R6_0101
43212,上天草市,カミアマクサシ,43,熊本県,soumu_main_R6_0101
43213,宇城市,ウキシ,43,熊本県,soumu_main_R6_0101
43214,阿蘇市,アソシ,43,熊本県,soumu_main_R6_0101
43215,天草市,アマクサシ,43,熊本県,soumu_main_R6_0101
43216,合志市,コウシシ,43,熊本県,soumu_main_R6_0101
43348,美里町,ミサトマチ,43,熊本県,soumu_main_R6_0101
43364,玉東町,ギョクトウマチ,43,熊本県,soumu_main_R6_0101
43367,南関町,ナンカンマチ,43,熊本県,soumu_main_R6_0101
43368,長洲町,ナガスマチ,43,熊本県,soumu_main_R6_0101
43369,和水町,ナゴミマチ,43,熊本県,soumu_main_R6_0101
43403,大津町,オオヅマチ,43,熊本県,soumu_main_R6_0101
43404,菊陽町,キクヨウマチ,43,熊本県,soumu_main_R6_0101
43423,南小国町,ミナミオグニマチ,43,熊本県,soumu_main_R6_0101
43424,小国町,オグニマチ,43,熊本県,soumu_main_R6_0101
43425,産山村,ウブヤマムラ,43,熊本県,soumu_main_R6_0101
43428,高森町,タカモリマチ,43,熊本県,soumu_main_R6_0101
43432,西原村,ニシハラムラ,43,熊本県,soumu_main_R6_0101
43433,南阿蘇村,ミナミアソムラ,43,熊本県,soumu_main_R6_0101
43441,御船町,ミフネマチ,43,熊本県,soumu_main_R6_0101
43442,嘉島町,カシママチ,43,熊本県,soumu_main_R6_0101
43443,益城町,マシキマチ,43,熊本県,soumu_main_R6_0101
43444,甲佐町,コウサマチ,43,熊本県,soumu_main_R6_0101
43447,山都町,ヤマトチョウ,43,熊本県,soumu_main_R6_0101
43468,氷川町,ヒカワチョウ,43,熊本県,soumu_main_R6_0101
43482,芦北町,アシキタマチ,43,熊本県,soumu_main_R6_0101
43484,津奈木町,ツナギマチ,43,熊本県,soumu_main_R6_0101
43501,錦町,ニシキマチ,43,熊本県,soumu_main_R6_0101
43505,多良木町,タラギマチ,43,熊本県,soumu_main_R6_0101
43506,湯前町,ユノマエマチ,43,熊本県,soumu_main_R6_0101
43507,水上村,ミズカミムラ,43,熊本県,soumu_main_R6_0101
43510,相良村,サガラムラ,43,熊本県,soumu_main_R6_0101
43511,五木村,イツキムラ,43,熊本県,soumu_main_R6_0101
43512,山江村,ヤマエムラ,43,熊本県,soumu_main_R6_0101
43513,球磨村,クマムラ,43,熊本県,soumu_main_R6_0101
43514,あさぎり町,アサギリチョウ,43,熊本県,soumu_main_R6_0101
43531,苓北町,レイホクマチ,43,熊本県,soumu_main_R6_0101
44201,大分市,オオイタシ,44,大分県,soumu_main_R6_0101
44202,別府市,ベップシ,44,大分県,soumu_main_R6_0101
44203,中津市,ナカツシ,44,大分県,soumu_main_R6_0101
44204,日田市,ヒタシ,44,大分県,soumu_main_R6_0101
44205,佐伯市,サイキシ,44,大分県,soumu_main_R6_0101
44206,臼杵市,ウスキシ,44,大分県,soumu_main_R6_0101
44207,津久見市,ツクミシ,44,大分県,soumu_main_R6_0101
44208,竹田市,タケタシ,44,大分県,soumu_main_R6_0101
44209,豊後高田市,ブンゴタカダシ,44,大分県,soumu_main_R6_0101
44210,杵築市,キツキシ,44,大分県,soumu_main_R6_0101
44211,宇佐市,ウサシ,44,大分県,soumu_main_R6_0101
44212,豊後大野市,ブンゴオオノシ,44,大分県,soumu_main_R6_0101
44213,由布市,ユフシ,44,大分県,soumu_main_R6_0101
44214,国東市,クニサキシ,44,大分県,soumu_main_R6_0101
44322,姫島村,ヒメシマムラ,44,大分県,soumu_main_R6_0101
44341,日出町,ヒジマチ,44,大分県,soumu_main_R6_0101
44461,九重町,ココノエマチ,44,大分県,soumu_main_R6_0101
44462,玖珠町,クスマチ,44,大分県,soumu_main_R6_0101
45201,宮崎市,ミヤザキシ,45,宮崎県,soumu_main_R6_0101
45202,都城市,ミヤコノジョウシ,45,宮崎県,soumu_main_R6_0101
45203,延岡市,ノベオカシ,45,宮崎県,soumu_main_R6_0101
45204,日南市,ニチナンシ,45,宮崎県,soumu_main_R6_0101
45205,小林市,コバヤシシ,45,宮崎県,soumu_main_R6_0101
45206,日向市,ヒュウガシ,45,宮崎県,soumu_main_R6_0101
45207,串間市,クシマシ,45,宮崎県,soumu_main_R6_0101
45208,西都市,サイトシ,45,宮崎県,soumu_main_R6_0101
45209,えびの市,エビノシ,45,宮崎県,soumu_main_R6_0101
45341,三股町,ミマタチョウ,45,宮崎県,soumu_main_R6_0101
45361,高原町,タカハルチョウ,45,宮崎県,soumu_main_R6_0101
45382,国富町,クニトミチョウ,45,宮崎県,soumu_main_R6_0101
45383,綾町,アヤチョウ,45,宮崎県,soumu_main_R6_0101
45401,高鍋町,タカナベチョウ,45,宮崎県,soumu_main_R6_0101
45402,新富町,シントミチョウ,45,宮崎県,soumu_main_R6_0101
45403,西米良村,ニシメラソン,45,宮崎県,soumu_main_R6_0101
45404,木城町,キジョウチョウ,45,宮崎県,soumu_main_R6_0101
45405,川南町,カワミナミチョウ,45,宮崎県,soumu_main_R6_0101
45406,都農町,ツノチョウ,45,宮崎県,soumu_main_R6_0101
45421,門川町,カドガワチョウ,45,宮崎県,soumu_main_R6_0101
45429,諸塚村,モロツカソン,45,宮崎県,soumu_main_R6_0101
45430,椎葉村,シイバソン,45,宮崎県,soumu_main_R6_0101
45431,美郷町,ミサトチョウ,45,宮崎県,soumu_main_R6_0101
45441,高千穂町,タカチホチョウ,45,宮崎県,soumu_main_R6_0101
45442,日之影町,ヒノカゲチョウ,45,宮崎県,soumu_main_R6_0101
45443,五ヶ瀬町,ゴカセチョウ,45,宮崎県,soumu_main_R6_0101
46201,鹿児島市,カゴシマシ,46,鹿児島県,soumu_main_R6_0101
46203,鹿屋市,カノヤシ,46,鹿児島県,soumu_main_R6_0101
46204,枕崎市,マクラザキシ,46,鹿児島県,soumu_main_R6_0101
46206,阿久根市,アクネシ,46,鹿児島県,soumu_main_R6_0101
46208,出水市,イズミシ,46,鹿児島県,soumu_main_R6_0101
46210,指宿市,イブスキシ,46,鹿児島県,soumu_main_R6_0101
46213,西之表市,ニシノオモテシ,46,鹿児島県,soumu_main_R6_0101
46214,垂水市,タルミズシ,46,鹿児島県,soumu_main_R6_0101
46215,薩摩川内市,サツマセンダイシ,46,鹿児島県,soumu_main_R6_0101
46216,日置市,ヒオキシ,46,鹿児島県,soumu_main_R6_0101
46217,曽於市,ソオシ,46,鹿児島県,soumu_main_R6_0101
46218,霧島市,キリシマシ,46,鹿児島県,soumu_main_R6_0101
46219,いちき串木野市,イチキクシキノシ,46,鹿児島県,soumu_main_R6_0101
46220,南さつま市,ミナミサツマシ,46,鹿児島県,soumu_main_R6_0101
46221,志布志市,シブシシ,46,鹿児島県,soumu_main_R6_0101
46222,奄美市,アマミシ,46,鹿児島県,soumu_main_R6_0101
46223,南九州市,ミナミキュウシュウシ,46,鹿児島県,soumu_main_R6_0101
46224,伊佐市,イサシ,46,鹿児島県,soumu_main_R6_0101
46225,姶良市,アイラシ,46,鹿児島県,soumu_main_R6_0101
46303,三島村,ミシマムラ,46,鹿児島県,soumu_main_R6_0101
46304,十島村,トシマムラ,46,鹿児島県,soumu_main_R6_0101
46392,さつま町,サツマチョウ,46,鹿児島県,soumu_main_R6_0101
46404,長島町,ナガシマチョウ,46,鹿児島県,soumu_main_R6_0101
46452,湧水町,ユウスイチョウ,46,鹿児島県,soumu_main_R6_0101
46468,大崎町,オオサキチョウ,46,鹿児島県,soumu_main_R6_0101
46482,東串良町,ヒガシクシラチョウ,46,鹿児島県,soumu_main_R6_0101
46490,錦江町,キンコウチョウ,46,鹿児島県,soumu_main_R6_0101
46491,南大隅町,ミナミオオスミチョウ,46,鹿児島県,soumu_main_R6_0101
46492,肝付町,キモツキチョウ,46,鹿児島県,soumu_main_R6_0101
46501,中種子町,ナカタネチョウ,46,鹿児島県,soumu_main_R6_0101
46502,南種子町,ミナミタネチョウ,46,鹿児島県,soumu_main_R6_0101
46505,屋久島町,ヤクシマチョウ,46,鹿児島県,soumu_main_R6_0101
46523,大和村,ヤマトソン,46,鹿児島県,soumu_main_R6_0101
46524,宇検村,ウケンソン,46,鹿児島県,soumu_main_R6_0101
46525,瀬戸内町,セトウチチョウ,46,鹿児島県,soumu_main_R6_0101
46527,龍郷町,タツゴウチョウ,46,鹿児島県,soumu_main_R6_0101
46529,喜界町,キカイチョウ,46,鹿児島県,soumu_main_R6_0101
46530,徳之島町,トクノシマチョウ,46,鹿児島県,soumu_main_R6_0101
46531,天城町,アマギチョウ,46,鹿児島県,soumu_main_R6_0101
46532,伊仙町,イセンチョウ,46,鹿児島県,soumu_main_R6_0101
46533,和泊町,ワドマリチョウ,46,鹿児島県,soumu_main_R6_0101
46534,知名町,チナチョウ,46,鹿児島県,soumu_main_R6_0101
46535,与論町,ヨロンチョウ,46,鹿児島県,soumu_main_R6_0101
47201,那覇市,ナハシ,47,沖縄県,soumu_main_R6_0101
47205,宜野湾市,ギノワンシ,47,沖縄県,soumu_main_R6_0101
47207,石垣市,イシガキシ,47,沖縄県,soumu_main_R6_0101
47208,浦添市,ウラソエシ,47,沖縄県,soumu_main_R6_0101
47209,名護市,ナゴシ,47,沖縄県,soumu_main_R6_0101
47210,糸満市,イトマンシ,47,沖縄県,soumu_main_R6_0101
47211,沖縄市,オキナワシ,47,沖縄県,soumu_main_R6_0101
47212,豊見城市,トミグスクシ,47,沖縄県,soumu_main_R6_0101
47213,うるま市,ウルマシ,47,沖縄県,soumu_main_R6_0101
47214,宮古島市,ミヤコジマシ,47,沖縄県,soumu_main_R6_0101
47215,南城市,ナンジョウシ,47,沖縄県,soumu_main_R6_0101
47301,国頭村,クニガミソン,47,沖縄県,soumu_main_R6_0101
47302,大宜味村,オオギミソン,47,沖縄県,soumu_main_R6_0101
47303,東村,ヒガシソン,47,沖縄県,soumu_main_R6_0101
47306,今帰仁村,ナキジンソン,47,沖縄県,soumu_main_R6_0101
47308,本部町,モトブチョウ,47,沖縄県,soumu_main_R6_0101
47311,恩納村,オンナソン,47,沖縄県,soumu_main_R6_0101
47313,宜野座村,ギノザソン,47,沖縄県,soumu_main_R6_0101
47314,金武町,キンチョウ,47,沖縄県,soumu_main_R6_0101
47315,伊江村,イエソン,47,沖縄県,soumu_main_R6_0101
47324,読谷村,ヨミタンソン,47,沖縄県,soumu_main_R6_0101
47325,嘉手納町,カデナチョウ,47,沖縄県,soumu_main_R6_0101
47326,北谷町,チヤタンチョウ,47,沖縄県,soumu_main_R6_0101
47327,北中城村,キタナカグスクソン,47,沖縄県,soumu_main_R6_0101
47328,中城村,ナカグスクソン,47,沖縄県,soumu_main_R6_0101
47329,西原町,ニシハラチョウ,47,沖縄県,soumu_main_R6_0101
47348,与那原町,ヨナバルチョウ,47,沖縄県,soumu_main_R6_0101
47350,南風原町,ハエバルチョウ,47,沖縄県,soumu_main_R6_0101
47353,渡嘉敷村,トカシキソン,47,沖縄県,soumu_main_R6_0101
47354,座間味村,ザマミソン,47,沖縄県,soumu_main_R6_0101
47355,粟国村,アグニソン,47,沖縄県,soumu_main_R6_0101
47356,渡名喜村,トナキソン,47,沖縄県,soumu_main_R6_0101
47357,南大東村,ミナミダイトウソン,47,沖縄県,soumu_main_R6_0101
47358,北大東村,キタダイトウソン,47,沖縄県,soumu_main_R6_0101
47359,伊平屋村,イヘヤソン,47,沖縄県,soumu_main_R6_0101
47360,伊是名村,イゼナソン,47,沖縄県,soumu_main_R6_0101
47361,久米島町,クメジマチョウ,47,沖縄県,soumu_main_R6_0101
47362,八重瀬町,ヤエセチョウ,47,沖縄県,soumu_main_R6_0101
47375,多良間村,タラマソン,47,沖縄県,soumu_main_R6_0101
47381,竹富町,タケトミチョウ,47,沖縄県,soumu_main_R6_0101
47382,与那国町,ヨナグニチョウ,47,沖縄県,soumu_main_R6_0101
